From,Status,Price,Date Created
+61488958145,Completed,-0.04,2026-05-17T06:34:15.000Z
+61493553481,Completed,-0.03,2026-05-17T03:08:11.000Z
+61412250531,Completed,-0.01,2026-05-16T21:21:34.000Z
+61412862012,Completed,-0.01,2026-05-16T14:46:38.000Z
+61412862012,Completed,-0.01,2026-05-16T14:46:18.000Z
+61862897602,Completed,-0.01,2026-05-16T07:06:17.000Z
+61447255805,Completed,-0.03,2026-05-16T05:01:48.000Z
+61737228990,Completed,-0.01,2026-05-16T04:03:44.000Z
+61407989531,Completed,-0.01,2026-05-16T02:42:23.000Z
+61413726620,Completed,-0.03,2026-05-16T02:40:56.000Z
+61483236836,Completed,0.0,2026-05-16T00:39:38.000Z
+61483236836,Completed,-0.01,2026-05-16T00:39:25.000Z
+61876660507,Completed,-0.126,2026-05-15T08:04:49.000Z
+61892462833,Completed,-0.06,2026-05-15T08:03:48.000Z
+61892462833,Completed,-0.01,2026-05-15T08:02:21.000Z
+61412186511,Completed,-0.01,2026-05-15T06:42:34.000Z
+61407736046,Completed,-0.01,2026-05-15T06:34:36.000Z
+61876660507,Completed,-0.126,2026-05-15T06:29:54.000Z
+61405332737,Completed,-0.06,2026-05-15T06:28:23.000Z
+61878133502,Completed,-0.3528,2026-05-15T06:07:12.000Z
+61429660014,Completed,-0.15,2026-05-15T06:06:15.000Z
+61429660014,Completed,-0.01,2026-05-15T06:02:27.000Z
+61876660507,Completed,-0.0756,2026-05-15T05:40:41.000Z
+61447714899,Completed,-0.05,2026-05-15T05:38:28.000Z
+61419966430,Completed,-0.01,2026-05-15T04:39:01.000Z
+61424060817,Completed,-0.01,2026-05-15T04:24:21.000Z
+61893171137,Completed,-0.01,2026-05-15T03:27:12.000Z
+61876660507,Completed,-0.0756,2026-05-15T03:22:48.000Z
+61406047347,Completed,-0.04,2026-05-15T03:21:32.000Z
+61401499301,Completed,-0.01,2026-05-15T03:12:53.000Z
+61422363450,Completed,-0.01,2026-05-15T03:12:08.000Z
+61876660507,Completed,-0.0756,2026-05-15T02:36:58.000Z
+61418221151,Completed,-0.04,2026-05-15T02:35:52.000Z
+61876660507,Completed,-0.2772,2026-05-15T02:29:43.000Z
+61408733149,Completed,-0.12,2026-05-15T02:28:02.000Z
+61876660507,Completed,-0.1764,2026-05-15T02:16:47.000Z
+61405332737,Completed,-0.09,2026-05-15T02:14:45.000Z
+61876660507,Completed,-0.126,2026-05-15T02:12:21.000Z
+61865559840,Completed,-0.07,2026-05-15T02:10:44.000Z
+61865559840,Completed,-0.01,2026-05-15T02:03:25.000Z
+61488440403,Completed,-0.01,2026-05-15T01:57:42.000Z
+61450449606,Completed,-0.01,2026-05-15T01:57:37.000Z
+61435559313,Completed,0.0,2026-05-15T01:53:18.000Z
+61419734705,Completed,-0.01,2026-05-15T01:19:26.000Z
+61878133502,Completed,-0.0504,2026-05-15T01:06:14.000Z
+61876660507,Completed,-0.0756,2026-05-15T01:05:23.000Z
+61894150450,Completed,-0.03,2026-05-15T01:04:53.000Z
+61433944522,Completed,-0.05,2026-05-15T01:03:17.000Z
+61421900205,Completed,-0.01,2026-05-15T00:53:39.000Z
+61480575994,Completed,-0.01,2026-05-15T00:44:03.000Z
+61488016401,Completed,-0.01,2026-05-15T00:39:20.000Z
+61405454141,Completed,-0.01,2026-05-15T00:37:23.000Z
+61451154558,Completed,-0.01,2026-05-15T00:32:18.000Z
+61450412008,Completed,-0.01,2026-05-15T00:28:58.000Z
+61414380555,Completed,-0.01,2026-05-15T00:28:44.000Z
+61414380555,Completed,-0.01,2026-05-15T00:28:28.000Z
+61421825557,Completed,0.0,2026-05-15T00:25:18.000Z
+61421825557,Completed,-0.01,2026-05-15T00:25:10.000Z
+61407730450,Completed,-0.01,2026-05-15T00:21:36.000Z
+61755227133,Completed,-0.04,2026-05-15T00:18:31.000Z
+61427707226,Completed,-0.01,2026-05-15T00:15:41.000Z
+61448568888,Completed,-0.01,2026-05-15T00:11:05.000Z
+61430918800,Completed,-0.01,2026-05-15T00:08:26.000Z
+61433529221,Completed,-0.01,2026-05-15T00:07:07.000Z
+61431431558,Completed,-0.01,2026-05-15T00:00:59.000Z
+61487719177,Completed,-0.01,2026-05-14T23:58:50.000Z
+61435717686,Completed,-0.01,2026-05-14T23:58:48.000Z
+61748026302,Completed,-0.075,2026-05-14T23:58:06.000Z
+61748026302,Completed,-0.075,2026-05-14T23:58:05.000Z
+61748026302,Completed,-0.075,2026-05-14T23:58:05.000Z
+61748026302,Completed,-0.15,2026-05-14T23:58:05.000Z
+61748026302,Completed,-0.075,2026-05-14T23:58:05.000Z
+61748026302,Completed,-0.075,2026-05-14T23:58:05.000Z
+61487730456,Completed,-0.02,2026-05-14T23:58:07.000Z
+61748026302,Completed,-0.15,2026-05-14T23:57:10.000Z
+61748026302,Completed,-0.15,2026-05-14T23:57:09.000Z
+61748026302,Completed,-0.075,2026-05-14T23:57:07.000Z
+61748026302,Completed,-0.15,2026-05-14T23:57:08.000Z
+61748026302,Completed,-0.075,2026-05-14T23:57:12.000Z
+61748026302,Completed,-0.075,2026-05-14T23:57:12.000Z
+61748026302,Completed,-0.075,2026-05-14T23:57:09.000Z
+61748026302,Completed,-0.15,2026-05-14T23:57:09.000Z
+61748026302,Completed,-0.075,2026-05-14T23:57:11.000Z
+61748026302,Completed,-0.075,2026-05-14T23:57:10.000Z
+61748026302,Completed,-0.15,2026-05-14T23:57:06.000Z
+61748026302,Completed,-0.075,2026-05-14T23:57:08.000Z
+61418450540,Completed,-0.01,2026-05-14T23:57:27.000Z
+61748026302,Completed,-0.15,2026-05-14T23:57:07.000Z
+61748026302,Completed,-0.075,2026-05-14T23:57:09.000Z
+61748026302,Completed,-0.15,2026-05-14T23:57:07.000Z
+61748026302,Completed,-0.075,2026-05-14T23:57:06.000Z
+61748026302,Completed,-0.075,2026-05-14T23:57:08.000Z
+61748026302,Completed,-0.075,2026-05-14T23:57:08.000Z
+61748026302,No Answer,,2026-05-14T23:57:06.000Z
+61748026302,Completed,-0.075,2026-05-14T23:56:11.000Z
+61748026302,Completed,-0.075,2026-05-14T23:56:11.000Z
+61748026302,Completed,-0.15,2026-05-14T23:56:12.000Z
+61433410177,Completed,-0.01,2026-05-14T23:56:32.000Z
+61748026302,Completed,-0.075,2026-05-14T23:56:12.000Z
+61748026302,Completed,-0.075,2026-05-14T23:56:10.000Z
+61748026302,Completed,-0.15,2026-05-14T23:56:08.000Z
+61748026302,Completed,-0.075,2026-05-14T23:56:09.000Z
+61748026302,Completed,-0.075,2026-05-14T23:56:10.000Z
+61748026302,Completed,-0.075,2026-05-14T23:56:10.000Z
+61748026302,Failed,0.0,2026-05-14T23:56:10.000Z
+61748026302,Completed,-0.075,2026-05-14T23:55:21.000Z
+61748026302,Completed,-0.075,2026-05-14T23:55:23.000Z
+61748026302,Completed,-0.15,2026-05-14T23:55:19.000Z
+61748026302,Completed,-0.075,2026-05-14T23:55:22.000Z
+61748026302,Completed,-0.075,2026-05-14T23:55:22.000Z
+61748026302,Completed,-0.15,2026-05-14T23:55:21.000Z
+61748026302,Completed,-0.075,2026-05-14T23:55:17.000Z
+61748026302,Completed,-0.15,2026-05-14T23:55:22.000Z
+61748026302,Completed,-0.075,2026-05-14T23:55:21.000Z
+61748026302,Completed,-0.075,2026-05-14T23:55:22.000Z
+61748026302,Completed,-0.075,2026-05-14T23:55:21.000Z
+61748026302,Completed,-0.15,2026-05-14T23:55:18.000Z
+61748026302,Completed,-0.075,2026-05-14T23:55:16.000Z
+61478555873,Completed,-0.01,2026-05-14T23:55:28.000Z
+61748026302,Completed,-0.075,2026-05-14T23:55:18.000Z
+61748026302,Completed,-0.15,2026-05-14T23:55:21.000Z
+61748026302,Completed,-0.075,2026-05-14T23:55:15.000Z
+61748026302,Completed,-0.075,2026-05-14T23:55:19.000Z
+61748026302,Completed,-0.075,2026-05-14T23:55:18.000Z
+61748026302,No Answer,,2026-05-14T23:55:20.000Z
+61748026302,Failed,0.0,2026-05-14T23:55:15.000Z
+61748026302,Completed,-0.075,2026-05-14T23:54:19.000Z
+61748026302,Completed,-0.0252,2026-05-14T23:54:12.000Z
+61748026302,Completed,-0.075,2026-05-14T23:54:19.000Z
+61748026302,Completed,-0.15,2026-05-14T23:54:15.000Z
+61413632712,Completed,-0.01,2026-05-14T23:54:41.000Z
+61748026302,Completed,-0.075,2026-05-14T23:54:16.000Z
+61748026302,Completed,-0.075,2026-05-14T23:54:14.000Z
+61748026302,Completed,-0.15,2026-05-14T23:54:13.000Z
+61748026302,Completed,-0.075,2026-05-14T23:54:10.000Z
+61748026302,Completed,-0.075,2026-05-14T23:54:10.000Z
+61748026302,Completed,-0.075,2026-05-14T23:54:11.000Z
+61748026302,Completed,-0.075,2026-05-14T23:54:09.000Z
+61748026302,Completed,-0.075,2026-05-14T23:54:10.000Z
+61748026302,Completed,-0.075,2026-05-14T23:54:08.000Z
+61748026302,Completed,-0.0252,2026-05-14T23:54:15.000Z
+61748026302,Completed,-0.075,2026-05-14T23:54:09.000Z
+61748026302,Completed,-0.075,2026-05-14T23:54:16.000Z
+61748026302,Completed,-0.075,2026-05-14T23:54:09.000Z
+61748026302,Completed,-0.075,2026-05-14T23:54:11.000Z
+61748026302,Completed,-0.075,2026-05-14T23:54:10.000Z
+61748026302,Completed,-0.075,2026-05-14T23:54:09.000Z
+61748026302,Completed,-0.075,2026-05-14T23:54:09.000Z
+61748026302,Completed,-0.075,2026-05-14T23:53:13.000Z
+61748026302,Completed,-0.15,2026-05-14T23:53:10.000Z
+61748026302,Completed,-0.15,2026-05-14T23:53:15.000Z
+61748026302,Completed,-0.075,2026-05-14T23:53:15.000Z
+61748026302,Completed,-0.075,2026-05-14T23:53:13.000Z
+61748026302,Completed,-0.075,2026-05-14T23:53:14.000Z
+61476045700,Completed,-0.01,2026-05-14T23:53:30.000Z
+61748026302,Completed,-0.075,2026-05-14T23:53:13.000Z
+61748026302,Completed,-0.15,2026-05-14T23:53:12.000Z
+61748026302,Completed,-0.075,2026-05-14T23:53:12.000Z
+61748026302,Completed,-0.075,2026-05-14T23:53:12.000Z
+61748026302,Completed,-0.075,2026-05-14T23:53:10.000Z
+61477735316,Completed,-0.01,2026-05-14T23:53:27.000Z
+61748026302,Completed,-0.075,2026-05-14T23:53:14.000Z
+61748026302,Completed,0.0,2026-05-14T23:53:07.000Z
+61748026302,Completed,-0.075,2026-05-14T23:53:08.000Z
+61748026302,Completed,-0.075,2026-05-14T23:53:14.000Z
+61748026302,Completed,-0.45,2026-05-14T23:53:08.000Z
+61748026302,Completed,-0.075,2026-05-14T23:53:08.000Z
+61748026302,Completed,-0.075,2026-05-14T23:53:07.000Z
+61748026302,Completed,-0.15,2026-05-14T23:52:18.000Z
+61450358766,Completed,-0.01,2026-05-14T23:52:40.000Z
+61748026302,Completed,-0.075,2026-05-14T23:52:09.000Z
+61416737593,Completed,-0.01,2026-05-14T23:52:38.000Z
+61748026302,Completed,-0.15,2026-05-14T23:52:15.000Z
+61748026302,Completed,-0.075,2026-05-14T23:52:14.000Z
+61748026302,Completed,-0.15,2026-05-14T23:52:13.000Z
+61748026302,Completed,-0.075,2026-05-14T23:52:09.000Z
+61748026302,Completed,-0.15,2026-05-14T23:52:13.000Z
+61748026302,Completed,-0.0252,2026-05-14T23:52:14.000Z
+61748026302,Completed,-0.075,2026-05-14T23:52:10.000Z
+61748026302,Completed,-0.15,2026-05-14T23:52:09.000Z
+61748026302,Completed,-0.15,2026-05-14T23:52:09.000Z
+61748026302,Completed,-0.075,2026-05-14T23:52:15.000Z
+61748026302,Completed,-0.075,2026-05-14T23:52:10.000Z
+61748026302,Completed,-0.075,2026-05-14T23:52:09.000Z
+61748026302,Completed,-0.075,2026-05-14T23:52:09.000Z
+61748026302,Completed,-0.075,2026-05-14T23:52:10.000Z
+61748026302,Failed,0.0,2026-05-14T23:52:09.000Z
+61748026302,Completed,-0.075,2026-05-14T23:51:19.000Z
+61748026302,Completed,-0.075,2026-05-14T23:51:19.000Z
+61748026302,Completed,-0.15,2026-05-14T23:51:19.000Z
+61748026302,Completed,-0.075,2026-05-14T23:51:18.000Z
+61748026302,Completed,-0.075,2026-05-14T23:51:18.000Z
+61748026302,Completed,-0.15,2026-05-14T23:51:22.000Z
+61748026302,Completed,-0.075,2026-05-14T23:51:17.000Z
+61748026302,Completed,-0.075,2026-05-14T23:51:19.000Z
+61748026302,Completed,-0.15,2026-05-14T23:51:17.000Z
+61748026302,Completed,-0.075,2026-05-14T23:51:17.000Z
+61748026302,Completed,-0.075,2026-05-14T23:51:17.000Z
+61748026302,Completed,-0.075,2026-05-14T23:51:14.000Z
+61748026302,Completed,-0.075,2026-05-14T23:51:16.000Z
+61748026302,Completed,-0.075,2026-05-14T23:51:18.000Z
+61748026302,Completed,-0.075,2026-05-14T23:51:16.000Z
+61748026302,Completed,-0.075,2026-05-14T23:51:15.000Z
+61748026302,Completed,-0.075,2026-05-14T23:51:18.000Z
+61748026302,Completed,-0.15,2026-05-14T23:51:16.000Z
+61748026302,Completed,-0.075,2026-05-14T23:50:24.000Z
+61748026302,Completed,-0.075,2026-05-14T23:50:25.000Z
+61748026302,Completed,-0.075,2026-05-14T23:50:26.000Z
+61748026302,Completed,-0.075,2026-05-14T23:50:25.000Z
+61748026302,Completed,-0.075,2026-05-14T23:50:27.000Z
+61748026302,Completed,-0.075,2026-05-14T23:50:24.000Z
+61748026302,Completed,-0.075,2026-05-14T23:50:23.000Z
+61748026302,Completed,-0.075,2026-05-14T23:50:21.000Z
+61748026302,Completed,-0.075,2026-05-14T23:50:25.000Z
+61748026302,Completed,-0.075,2026-05-14T23:50:23.000Z
+61748026302,Completed,-0.15,2026-05-14T23:50:26.000Z
+61748026302,Completed,-0.075,2026-05-14T23:50:25.000Z
+61748026302,Completed,-0.15,2026-05-14T23:50:22.000Z
+61748026302,Completed,-0.15,2026-05-14T23:50:18.000Z
+61748026302,Completed,-0.075,2026-05-14T23:50:24.000Z
+61748026302,Completed,-0.075,2026-05-14T23:50:20.000Z
+61748026302,Completed,-0.075,2026-05-14T23:50:23.000Z
+61748026302,Busy,,2026-05-14T23:50:24.000Z
+61748026302,Completed,-0.075,2026-05-14T23:50:17.000Z
+61414718416,Completed,-0.01,2026-05-14T23:50:17.000Z
+61748026302,Completed,-0.15,2026-05-14T23:49:12.000Z
+61748026302,Completed,-0.075,2026-05-14T23:49:13.000Z
+61748026302,Completed,-0.075,2026-05-14T23:49:11.000Z
+61748026302,Completed,-0.15,2026-05-14T23:49:13.000Z
+61418335025,Completed,-0.01,2026-05-14T23:49:31.000Z
+61748026302,Completed,-0.075,2026-05-14T23:49:14.000Z
+61748026302,Completed,-0.0252,2026-05-14T23:49:13.000Z
+61748026302,Completed,-0.075,2026-05-14T23:49:13.000Z
+61748026302,Completed,-0.15,2026-05-14T23:49:07.000Z
+61748026302,Completed,-0.075,2026-05-14T23:49:10.000Z
+61748026302,Completed,-0.15,2026-05-14T23:49:10.000Z
+61748026302,Completed,-0.15,2026-05-14T23:49:05.000Z
+61748026302,Completed,-0.075,2026-05-14T23:49:13.000Z
+61748026302,Completed,-0.075,2026-05-14T23:49:13.000Z
+61748026302,Completed,-0.075,2026-05-14T23:49:09.000Z
+61748026302,Completed,-0.075,2026-05-14T23:49:10.000Z
+61748026302,Completed,-0.075,2026-05-14T23:49:10.000Z
+61748026302,Completed,-0.075,2026-05-14T23:48:12.000Z
+61748026302,Completed,-0.15,2026-05-14T23:48:12.000Z
+61748026302,Completed,-0.15,2026-05-14T23:48:13.000Z
+61748026302,Completed,-0.075,2026-05-14T23:48:11.000Z
+61748026302,Completed,-0.075,2026-05-14T23:48:12.000Z
+61748026302,Completed,0.0,2026-05-14T23:48:11.000Z
+61748026302,Completed,-0.075,2026-05-14T23:48:10.000Z
+61748026302,Completed,-0.075,2026-05-14T23:48:13.000Z
+61748026302,Completed,-0.15,2026-05-14T23:48:10.000Z
+61748026302,Completed,-0.075,2026-05-14T23:48:08.000Z
+61748026302,Completed,-0.075,2026-05-14T23:48:09.000Z
+61748026302,Completed,-0.0756,2026-05-14T23:48:12.000Z
+61748026302,No Answer,,2026-05-14T23:48:11.000Z
+61748026302,No Answer,,2026-05-14T23:48:11.000Z
+61748026302,Failed,0.0,2026-05-14T23:48:10.000Z
+61748026302,Completed,-0.075,2026-05-14T23:48:07.000Z
+61427561678,Completed,-0.01,2026-05-14T23:47:49.000Z
+61748026302,Completed,-0.075,2026-05-14T23:47:12.000Z
+61748026302,Completed,-0.075,2026-05-14T23:47:13.000Z
+61748026302,Completed,-0.15,2026-05-14T23:47:11.000Z
+61748026302,Completed,-0.075,2026-05-14T23:47:09.000Z
+61748026302,Completed,-0.075,2026-05-14T23:47:12.000Z
+61748026302,Completed,-0.075,2026-05-14T23:47:11.000Z
+61748026302,Completed,-0.075,2026-05-14T23:47:12.000Z
+61748026302,Completed,-0.075,2026-05-14T23:47:13.000Z
+61748026302,Completed,-0.15,2026-05-14T23:47:11.000Z
+61748026302,Completed,-0.075,2026-05-14T23:47:10.000Z
+61748026302,Completed,-0.15,2026-05-14T23:47:10.000Z
+61748026302,Completed,-0.075,2026-05-14T23:47:10.000Z
+61748026302,Completed,-0.075,2026-05-14T23:47:10.000Z
+61748026302,Completed,-0.075,2026-05-14T23:47:09.000Z
+61748026302,Completed,-0.075,2026-05-14T23:47:12.000Z
+61748026302,Completed,-0.075,2026-05-14T23:47:10.000Z
+61748026302,Completed,-0.075,2026-05-14T23:47:09.000Z
+61748026302,Completed,-0.075,2026-05-14T23:47:09.000Z
+61748026302,Completed,-0.15,2026-05-14T23:47:08.000Z
+61748026302,Completed,-0.075,2026-05-14T23:46:10.000Z
+61748026302,Completed,-0.075,2026-05-14T23:46:10.000Z
+61748026302,Completed,-0.075,2026-05-14T23:46:11.000Z
+61748026302,Completed,0.0,2026-05-14T23:46:08.000Z
+61748026302,Completed,-0.225,2026-05-14T23:46:08.000Z
+61748026302,Completed,-0.075,2026-05-14T23:46:05.000Z
+61748026302,Completed,-0.075,2026-05-14T23:46:09.000Z
+61748026302,Completed,-0.075,2026-05-14T23:46:09.000Z
+61748026302,Completed,-0.075,2026-05-14T23:46:08.000Z
+61748026302,Completed,-0.075,2026-05-14T23:46:07.000Z
+61748026302,Completed,-0.15,2026-05-14T23:45:20.000Z
+61748026302,Completed,-0.15,2026-05-14T23:45:24.000Z
+61413371696,Completed,-0.01,2026-05-14T23:46:03.000Z
+61748026302,Completed,-0.075,2026-05-14T23:45:21.000Z
+61748026302,Completed,-0.15,2026-05-14T23:45:25.000Z
+61748026302,Completed,-0.075,2026-05-14T23:45:26.000Z
+61748026302,Completed,-0.075,2026-05-14T23:45:23.000Z
+61748026302,Completed,-0.075,2026-05-14T23:45:19.000Z
+61748026302,Completed,-0.075,2026-05-14T23:45:18.000Z
+61748026302,Completed,-0.075,2026-05-14T23:45:16.000Z
+61748026302,Completed,-0.075,2026-05-14T23:45:17.000Z
+61748026302,Completed,-0.075,2026-05-14T23:45:21.000Z
+61748026302,Completed,-0.15,2026-05-14T23:45:17.000Z
+61748026302,Completed,-0.075,2026-05-14T23:45:23.000Z
+61748026302,Completed,-0.15,2026-05-14T23:45:14.000Z
+61748026302,Completed,-0.075,2026-05-14T23:45:18.000Z
+61748026302,Completed,-0.0252,2026-05-14T23:45:24.000Z
+61748026302,Completed,-0.075,2026-05-14T23:45:22.000Z
+61748026302,Completed,-0.075,2026-05-14T23:45:14.000Z
+61748026302,Completed,-0.15,2026-05-14T23:45:18.000Z
+61748026302,Completed,-0.075,2026-05-14T23:45:13.000Z
+61748026302,Completed,-0.075,2026-05-14T23:44:21.000Z
+61748026302,Completed,-0.15,2026-05-14T23:44:22.000Z
+61748026302,Completed,-0.075,2026-05-14T23:44:21.000Z
+61748026302,Completed,-0.15,2026-05-14T23:44:21.000Z
+61748026302,Completed,-0.075,2026-05-14T23:44:20.000Z
+61748026302,Completed,-0.075,2026-05-14T23:44:20.000Z
+61748026302,Completed,-0.075,2026-05-14T23:44:17.000Z
+61748026302,Completed,-0.075,2026-05-14T23:44:16.000Z
+61748026302,Completed,-0.15,2026-05-14T23:44:15.000Z
+61748026302,Completed,-0.075,2026-05-14T23:44:12.000Z
+61748026302,Completed,-0.075,2026-05-14T23:44:18.000Z
+61474000375,Completed,-0.04,2026-05-14T23:44:25.000Z
+61748026302,Completed,-0.075,2026-05-14T23:44:16.000Z
+61748026302,Completed,-0.075,2026-05-14T23:44:21.000Z
+61748026302,Completed,-0.075,2026-05-14T23:44:15.000Z
+61748026302,Completed,-0.075,2026-05-14T23:43:14.000Z
+61748026302,Completed,-0.075,2026-05-14T23:43:14.000Z
+61748026302,Completed,-0.15,2026-05-14T23:43:21.000Z
+61748026302,Completed,-0.075,2026-05-14T23:43:13.000Z
+61748026302,Completed,-0.15,2026-05-14T23:43:10.000Z
+61748026302,Completed,-0.075,2026-05-14T23:43:12.000Z
+61748026302,Completed,-0.15,2026-05-14T23:43:10.000Z
+61748026302,Completed,-0.075,2026-05-14T23:43:13.000Z
+61748026302,Completed,-0.15,2026-05-14T23:43:09.000Z
+61748026302,Completed,-1.125,2026-05-14T23:43:09.000Z
+61748026302,Completed,-0.15,2026-05-14T23:43:09.000Z
+61748026302,Completed,-0.15,2026-05-14T23:43:11.000Z
+61748026302,Completed,-0.075,2026-05-14T23:43:08.000Z
+61748026302,Completed,-0.075,2026-05-14T23:43:15.000Z
+61748026302,Completed,-0.075,2026-05-14T23:43:12.000Z
+61748026302,Failed,0.0,2026-05-14T23:43:12.000Z
+61748026302,Completed,-0.075,2026-05-14T23:42:17.000Z
+61748026302,Completed,-0.075,2026-05-14T23:42:17.000Z
+61748026302,Completed,-0.15,2026-05-14T23:42:17.000Z
+61748026302,Completed,-0.075,2026-05-14T23:42:16.000Z
+61748026302,Completed,-0.075,2026-05-14T23:42:17.000Z
+61748026302,Completed,-0.075,2026-05-14T23:42:17.000Z
+61748026302,Completed,-0.15,2026-05-14T23:42:18.000Z
+61748026302,Completed,-0.075,2026-05-14T23:42:15.000Z
+61748026302,Completed,-0.15,2026-05-14T23:42:16.000Z
+61748026302,Completed,-0.075,2026-05-14T23:42:18.000Z
+61748026302,Completed,-0.075,2026-05-14T23:42:16.000Z
+61748026302,Completed,-0.15,2026-05-14T23:42:14.000Z
+61412444514,Completed,-0.01,2026-05-14T23:42:30.000Z
+61748026302,Completed,-0.225,2026-05-14T23:42:14.000Z
+61748026302,Completed,-0.075,2026-05-14T23:42:13.000Z
+61748026302,Completed,-0.075,2026-05-14T23:42:15.000Z
+61748026302,Completed,-0.075,2026-05-14T23:42:14.000Z
+61748026302,Completed,-0.075,2026-05-14T23:42:14.000Z
+61748026302,Completed,-0.075,2026-05-14T23:42:13.000Z
+61748026302,Completed,-0.075,2026-05-14T23:41:12.000Z
+61748026302,Completed,-0.075,2026-05-14T23:41:10.000Z
+61748026302,Completed,-0.075,2026-05-14T23:41:09.000Z
+61748026302,Completed,-0.075,2026-05-14T23:41:08.000Z
+61748026302,Completed,-0.075,2026-05-14T23:41:10.000Z
+61748026302,Completed,-0.075,2026-05-14T23:41:12.000Z
+61748026302,Completed,-0.15,2026-05-14T23:41:07.000Z
+61748026302,Completed,-0.075,2026-05-14T23:41:07.000Z
+61748026302,Completed,-0.075,2026-05-14T23:41:11.000Z
+61748026302,Completed,-0.45,2026-05-14T23:41:07.000Z
+61748026302,Completed,-0.075,2026-05-14T23:41:07.000Z
+61748026302,Completed,-0.15,2026-05-14T23:41:09.000Z
+61748026302,Completed,-0.075,2026-05-14T23:41:08.000Z
+61748026302,Completed,-0.075,2026-05-14T23:40:34.000Z
+61748026302,Completed,-0.075,2026-05-14T23:40:31.000Z
+61748026302,Completed,-0.15,2026-05-14T23:40:31.000Z
+61748026302,Completed,-0.15,2026-05-14T23:40:37.000Z
+61748026302,Completed,-0.075,2026-05-14T23:40:31.000Z
+61748026302,Completed,-0.075,2026-05-14T23:40:30.000Z
+61748026302,Completed,-0.075,2026-05-14T23:40:33.000Z
+61748026302,Completed,-0.075,2026-05-14T23:40:35.000Z
+61748026302,Completed,-0.075,2026-05-14T23:40:29.000Z
+61748026302,Completed,-0.075,2026-05-14T23:40:31.000Z
+61748026302,Completed,-0.075,2026-05-14T23:40:28.000Z
+61748026302,Completed,-0.075,2026-05-14T23:40:30.000Z
+61748026302,Completed,0.0,2026-05-14T23:40:29.000Z
+61748026302,Completed,-0.075,2026-05-14T23:40:29.000Z
+61748026302,Completed,-0.075,2026-05-14T23:40:28.000Z
+61748026302,Completed,-0.075,2026-05-14T23:40:30.000Z
+61748026302,Completed,-0.075,2026-05-14T23:40:30.000Z
+61748026302,Completed,-0.075,2026-05-14T23:40:27.000Z
+61748026302,Completed,-0.225,2026-05-14T23:39:19.000Z
+61748026302,Completed,-0.075,2026-05-14T23:39:19.000Z
+61748026302,Completed,-0.075,2026-05-14T23:39:20.000Z
+61748026302,Completed,-0.15,2026-05-14T23:39:17.000Z
+61748026302,Completed,-0.15,2026-05-14T23:39:18.000Z
+61748026302,Completed,-0.075,2026-05-14T23:39:18.000Z
+61748026302,Completed,-0.15,2026-05-14T23:39:17.000Z
+61748026302,Completed,-0.075,2026-05-14T23:39:17.000Z
+61748026302,Completed,-0.075,2026-05-14T23:39:18.000Z
+61748026302,Completed,-0.075,2026-05-14T23:39:18.000Z
+61748026302,Completed,-0.15,2026-05-14T23:39:17.000Z
+61748026302,Completed,-0.15,2026-05-14T23:39:16.000Z
+61748026302,Completed,-0.075,2026-05-14T23:39:20.000Z
+61748026302,Completed,-0.075,2026-05-14T23:39:20.000Z
+61748026302,Completed,-0.075,2026-05-14T23:39:18.000Z
+61748026302,Completed,-0.075,2026-05-14T23:39:18.000Z
+61748026302,Completed,-0.15,2026-05-14T23:39:17.000Z
+61748026302,No Answer,,2026-05-14T23:39:17.000Z
+61477704721,Completed,-0.01,2026-05-14T23:39:07.000Z
+61748026302,Completed,-0.075,2026-05-14T23:38:21.000Z
+61748026302,Completed,-0.075,2026-05-14T23:38:23.000Z
+61748026302,Completed,-0.075,2026-05-14T23:38:23.000Z
+61748026302,Completed,-0.15,2026-05-14T23:38:19.000Z
+61748026302,Completed,-0.075,2026-05-14T23:38:22.000Z
+61748026302,Completed,-0.075,2026-05-14T23:38:21.000Z
+61748026302,Completed,-0.075,2026-05-14T23:38:20.000Z
+61748026302,Completed,-0.075,2026-05-14T23:38:23.000Z
+61748026302,Completed,-0.15,2026-05-14T23:38:21.000Z
+61748026302,Completed,-0.075,2026-05-14T23:38:19.000Z
+61748026302,Completed,-0.075,2026-05-14T23:38:18.000Z
+61748026302,Completed,-0.075,2026-05-14T23:38:17.000Z
+61748026302,Completed,-0.075,2026-05-14T23:38:21.000Z
+61748026302,Completed,-0.15,2026-05-14T23:38:20.000Z
+61748026302,Completed,0.0,2026-05-14T23:38:20.000Z
+61748026302,Completed,-0.075,2026-05-14T23:38:17.000Z
+61748026302,Completed,-0.15,2026-05-14T23:38:18.000Z
+61748026302,Completed,-0.075,2026-05-14T23:38:21.000Z
+61748026302,Completed,-0.075,2026-05-14T23:38:18.000Z
+61748026302,Completed,-0.075,2026-05-14T23:38:17.000Z
+61748026302,Completed,-0.075,2026-05-14T23:38:17.000Z
+61748026302,Completed,-0.075,2026-05-14T23:37:09.000Z
+61748026302,Completed,-0.075,2026-05-14T23:37:10.000Z
+61748026302,Completed,-0.075,2026-05-14T23:37:08.000Z
+61748026302,Completed,-0.075,2026-05-14T23:37:07.000Z
+61748026302,Completed,-0.075,2026-05-14T23:37:08.000Z
+61431014445,Completed,-0.01,2026-05-14T23:37:31.000Z
+61748026302,Completed,-0.075,2026-05-14T23:37:07.000Z
+61748026302,Completed,-0.15,2026-05-14T23:37:06.000Z
+61748026302,Completed,-0.075,2026-05-14T23:37:09.000Z
+61748026302,Completed,-0.075,2026-05-14T23:37:08.000Z
+61748026302,Completed,-0.075,2026-05-14T23:37:07.000Z
+61748026302,Completed,-0.075,2026-05-14T23:37:08.000Z
+61748026302,Completed,-0.15,2026-05-14T23:37:07.000Z
+61748026302,Completed,-0.075,2026-05-14T23:37:06.000Z
+61748026302,Completed,-0.075,2026-05-14T23:37:07.000Z
+61748026302,Completed,-0.075,2026-05-14T23:37:07.000Z
+61748026302,Completed,-0.075,2026-05-14T23:37:06.000Z
+61748026302,Completed,-0.15,2026-05-14T23:37:07.000Z
+61748026302,Completed,-0.3,2026-05-14T23:37:06.000Z
+61748026302,Completed,-0.075,2026-05-14T23:37:07.000Z
+61748026302,Failed,0.0,2026-05-14T23:37:06.000Z
+61748026302,Completed,-0.15,2026-05-14T23:36:13.000Z
+61748026302,Completed,-0.075,2026-05-14T23:36:14.000Z
+61748026302,Completed,-0.075,2026-05-14T23:36:13.000Z
+61748026302,Completed,-0.075,2026-05-14T23:36:11.000Z
+61748026302,Completed,-0.075,2026-05-14T23:36:12.000Z
+61748026302,Completed,-0.075,2026-05-14T23:36:13.000Z
+61748026302,Completed,-0.15,2026-05-14T23:36:13.000Z
+61748026302,Completed,-0.075,2026-05-14T23:36:12.000Z
+61748026302,Completed,-0.075,2026-05-14T23:36:12.000Z
+61748026302,Completed,-0.075,2026-05-14T23:36:13.000Z
+61748026302,Completed,-0.075,2026-05-14T23:36:12.000Z
+61748026302,Completed,-0.075,2026-05-14T23:36:12.000Z
+61748026302,Completed,-0.15,2026-05-14T23:36:13.000Z
+61748026302,Busy,,2026-05-14T23:36:12.000Z
+61410038397,Completed,-0.01,2026-05-14T23:35:57.000Z
+61748026302,Completed,-0.075,2026-05-14T23:35:13.000Z
+61748026302,Completed,-0.075,2026-05-14T23:35:12.000Z
+61748026302,Completed,-0.15,2026-05-14T23:35:12.000Z
+61748026302,Completed,-0.075,2026-05-14T23:35:11.000Z
+61748026302,Completed,-0.075,2026-05-14T23:35:13.000Z
+61748026302,Completed,-0.15,2026-05-14T23:35:12.000Z
+61748026302,Completed,-0.075,2026-05-14T23:35:12.000Z
+61748026302,Completed,-0.075,2026-05-14T23:35:12.000Z
+61748026302,Completed,-0.075,2026-05-14T23:35:12.000Z
+61748026302,Completed,-0.4032,2026-05-14T23:35:11.000Z
+61748026302,Completed,-0.075,2026-05-14T23:35:11.000Z
+61748026302,Completed,-0.075,2026-05-14T23:35:11.000Z
+61748026302,Completed,-0.075,2026-05-14T23:35:12.000Z
+61748026302,Completed,-0.075,2026-05-14T23:35:10.000Z
+61748026302,Completed,-0.15,2026-05-14T23:35:11.000Z
+61748026302,Completed,-0.15,2026-05-14T23:35:12.000Z
+61748026302,Completed,-0.075,2026-05-14T23:35:10.000Z
+61748026302,Completed,-0.0504,2026-05-14T23:35:12.000Z
+61748026302,Completed,-0.075,2026-05-14T23:35:11.000Z
+61488247880,Completed,-0.01,2026-05-14T23:35:09.000Z
+61748026302,Completed,-0.15,2026-05-14T23:34:12.000Z
+61748026302,Completed,-0.15,2026-05-14T23:34:13.000Z
+61748026302,Completed,-0.075,2026-05-14T23:34:13.000Z
+61748026302,Completed,-0.075,2026-05-14T23:34:13.000Z
+61748026302,Completed,-0.15,2026-05-14T23:34:13.000Z
+61748026302,Completed,-0.075,2026-05-14T23:34:13.000Z
+61748026302,Completed,-0.15,2026-05-14T23:34:13.000Z
+61748026302,Completed,-0.075,2026-05-14T23:34:13.000Z
+61748026302,Completed,-0.075,2026-05-14T23:34:12.000Z
+61748026302,Completed,-0.15,2026-05-14T23:34:12.000Z
+61748026302,Completed,-0.075,2026-05-14T23:34:11.000Z
+61748026302,Completed,-0.075,2026-05-14T23:34:12.000Z
+61748026302,Completed,-0.15,2026-05-14T23:34:12.000Z
+61748026302,Completed,-0.15,2026-05-14T23:34:11.000Z
+61748026302,Completed,-0.075,2026-05-14T23:34:12.000Z
+61748026302,Completed,-0.075,2026-05-14T23:34:11.000Z
+61748026302,Completed,-0.075,2026-05-14T23:34:12.000Z
+61402053509,Completed,-0.01,2026-05-14T23:34:15.000Z
+61748026302,Failed,0.0,2026-05-14T23:34:12.000Z
+61748026302,Completed,-0.075,2026-05-14T23:34:10.000Z
+61748026302,Completed,-0.15,2026-05-14T23:33:10.000Z
+61748026302,Completed,-0.15,2026-05-14T23:33:12.000Z
+61748026302,Completed,-0.075,2026-05-14T23:33:09.000Z
+61748026302,Completed,-0.15,2026-05-14T23:33:06.000Z
+61748026302,Completed,-0.075,2026-05-14T23:33:12.000Z
+61748026302,Completed,-0.075,2026-05-14T23:33:11.000Z
+61748026302,Completed,-0.15,2026-05-14T23:33:10.000Z
+61748026302,Completed,-0.15,2026-05-14T23:33:09.000Z
+61748026302,Completed,-0.075,2026-05-14T23:33:11.000Z
+61748026302,Completed,-0.075,2026-05-14T23:33:11.000Z
+61748026302,Completed,-0.15,2026-05-14T23:33:09.000Z
+61748026302,Completed,-0.075,2026-05-14T23:33:10.000Z
+61748026302,Completed,-0.075,2026-05-14T23:33:09.000Z
+61748026302,Completed,-0.075,2026-05-14T23:33:10.000Z
+61748026302,Completed,-0.15,2026-05-14T23:33:10.000Z
+61748026302,Completed,-0.075,2026-05-14T23:33:11.000Z
+61748026302,Completed,-0.075,2026-05-14T23:33:12.000Z
+61748026302,Completed,-0.075,2026-05-14T23:33:08.000Z
+61748026302,Completed,-0.075,2026-05-14T23:33:09.000Z
+61748026302,Completed,-0.075,2026-05-14T23:32:10.000Z
+61748026302,Completed,-0.075,2026-05-14T23:32:08.000Z
+61748026302,Completed,-0.075,2026-05-14T23:32:08.000Z
+61748026302,Completed,-0.075,2026-05-14T23:32:11.000Z
+61748026302,Completed,-0.075,2026-05-14T23:32:11.000Z
+61748026302,Completed,-0.075,2026-05-14T23:32:05.000Z
+61748026302,Completed,-0.075,2026-05-14T23:32:10.000Z
+61748026302,Completed,-0.15,2026-05-14T23:32:06.000Z
+61748026302,Completed,-0.075,2026-05-14T23:32:07.000Z
+61748026302,Completed,-0.075,2026-05-14T23:32:04.000Z
+61748026302,Completed,-0.075,2026-05-14T23:32:07.000Z
+61748026302,Completed,-0.15,2026-05-14T23:32:09.000Z
+61748026302,Completed,-0.075,2026-05-14T23:32:09.000Z
+61748026302,Completed,-0.075,2026-05-14T23:32:08.000Z
+61748026302,Completed,-0.15,2026-05-14T23:32:08.000Z
+61748026302,Completed,-0.075,2026-05-14T23:32:06.000Z
+61748026302,Completed,-0.075,2026-05-14T23:32:05.000Z
+61748026302,Busy,,2026-05-14T23:32:11.000Z
+61748026302,Completed,-0.075,2026-05-14T23:32:05.000Z
+61748026302,Completed,-0.075,2026-05-14T23:32:04.000Z
+61748026302,Completed,-0.075,2026-05-14T23:30:39.000Z
+61748026302,Completed,-0.075,2026-05-14T23:31:09.000Z
+61748026302,Completed,-0.075,2026-05-14T23:31:09.000Z
+61748026302,Completed,-0.15,2026-05-14T23:31:07.000Z
+61748026302,Completed,-0.15,2026-05-14T23:30:36.000Z
+61748026302,Completed,-0.075,2026-05-14T23:30:37.000Z
+61748026302,Completed,-0.075,2026-05-14T23:30:40.000Z
+61748026302,Completed,-0.075,2026-05-14T23:30:39.000Z
+61748026302,Completed,-0.075,2026-05-14T23:30:38.000Z
+61748026302,Completed,-0.15,2026-05-14T23:30:39.000Z
+61748026302,Completed,-0.15,2026-05-14T23:30:40.000Z
+61748026302,Completed,-0.075,2026-05-14T23:31:07.000Z
+61402343697,Completed,-0.01,2026-05-14T23:31:07.000Z
+61748026302,Completed,-0.075,2026-05-14T23:30:39.000Z
+61748026302,Completed,-0.075,2026-05-14T23:30:39.000Z
+61748026302,Completed,-0.0252,2026-05-14T23:30:40.000Z
+61748026302,Completed,-0.075,2026-05-14T23:30:38.000Z
+61748026302,Completed,-0.075,2026-05-14T23:30:37.000Z
+61748026302,Completed,-0.075,2026-05-14T23:30:38.000Z
+61748026302,Completed,-0.15,2026-05-14T23:30:37.000Z
+61748026302,Completed,-0.15,2026-05-14T23:30:37.000Z
+61748026302,Completed,0.0,2026-05-14T23:30:37.000Z
+61748026302,Completed,-0.075,2026-05-14T23:30:38.000Z
+61748026302,Completed,-0.075,2026-05-14T23:30:36.000Z
+61748026302,Completed,-0.075,2026-05-14T23:30:35.000Z
+61748026302,Completed,-0.075,2026-05-14T23:30:35.000Z
+61748026302,Busy,,2026-05-14T23:30:39.000Z
+61748026302,Failed,0.0,2026-05-14T23:30:37.000Z
+61748026302,Completed,-0.075,2026-05-14T23:30:35.000Z
+61748026302,Completed,-0.15,2026-05-14T23:30:35.000Z
+61748026302,Busy,,2026-05-14T23:30:36.000Z
+61748026302,Busy,,2026-05-14T23:30:36.000Z
+61410083309,Completed,-0.05,2026-05-14T23:19:09.000Z
+61414666536,Completed,0.0,2026-05-14T22:38:46.000Z
+61418742650,Completed,-0.01,2026-05-14T15:53:57.000Z
+61432114099,Completed,-0.02,2026-05-14T10:17:26.000Z
+61432114099,Completed,-0.01,2026-05-14T10:16:17.000Z
+61408090356,Completed,-0.01,2026-05-14T08:58:35.000Z
+61430110297,Completed,-0.01,2026-05-14T07:49:14.000Z
+61414940329,Completed,-0.01,2026-05-14T07:41:15.000Z
+61402596993,Completed,-0.01,2026-05-14T07:30:55.000Z
+61497170749,Completed,-0.01,2026-05-14T07:10:13.000Z
+61876660507,Completed,-0.0504,2026-05-14T06:58:33.000Z
+61413691977,Completed,-0.04,2026-05-14T06:57:09.000Z
+61419944901,Completed,-0.01,2026-05-14T06:50:10.000Z
+61409110742,Completed,-0.04,2026-05-14T06:45:31.000Z
+61409110742,Completed,-0.01,2026-05-14T06:42:51.000Z
+61402435446,Completed,-0.01,2026-05-14T06:36:34.000Z
+61402596993,Completed,-0.01,2026-05-14T06:25:14.000Z
+61878133502,Completed,-0.0252,2026-05-14T06:08:48.000Z
+61894567700,Completed,-0.03,2026-05-14T06:07:08.000Z
+61488440403,Completed,-0.04,2026-05-14T06:03:46.000Z
+61878133502,Completed,-0.1512,2026-05-14T05:52:41.000Z
+61892599200,Completed,-0.07,2026-05-14T05:51:15.000Z
+61409708053,Completed,-0.01,2026-05-14T05:49:00.000Z
+61466988811,Completed,-0.01,2026-05-14T05:47:30.000Z
+61481783076,Completed,0.0,2026-05-14T05:40:08.000Z
+61481783076,Completed,-0.06,2026-05-14T05:31:12.000Z
+61481996794,Completed,-0.01,2026-05-14T05:29:24.000Z
+61409644455,Completed,-0.01,2026-05-14T05:29:13.000Z
+61412234649,Completed,-0.01,2026-05-14T05:20:01.000Z
+61412250531,Completed,-0.04,2026-05-14T05:15:25.000Z
+61437217701,Completed,-0.01,2026-05-14T05:14:09.000Z
+61450532805,Completed,-0.01,2026-05-14T05:12:53.000Z
+61450579533,Completed,-0.05,2026-05-14T05:12:33.000Z
+61412250531,Completed,-0.02,2026-05-14T05:12:08.000Z
+61412250531,Completed,-0.02,2026-05-14T05:09:41.000Z
+61892599200,Completed,-0.01,2026-05-14T05:08:49.000Z
+61412250531,Completed,-0.02,2026-05-14T05:07:29.000Z
+61411038597,Completed,-0.01,2026-05-14T05:06:09.000Z
+61412250531,Completed,-0.02,2026-05-14T05:05:31.000Z
+61405352159,Completed,-0.01,2026-05-14T05:01:16.000Z
+61438120776,Completed,0.0,2026-05-14T05:01:13.000Z
+61481979807,Completed,-0.01,2026-05-14T04:55:27.000Z
+61412250531,Completed,-0.1,2026-05-14T04:55:18.000Z
+61402484430,Completed,-0.01,2026-05-14T04:54:23.000Z
+61407967796,Completed,-0.01,2026-05-14T04:53:29.000Z
+61499158022,Completed,-0.02,2026-05-14T04:47:12.000Z
+61401540129,Completed,-0.01,2026-05-14T04:47:07.000Z
+61447610711,Completed,-0.01,2026-05-14T04:46:06.000Z
+61748026302,Completed,-0.075,2026-05-14T04:44:08.000Z
+61748026302,Completed,-0.075,2026-05-14T04:44:06.000Z
+61748026302,Completed,-0.075,2026-05-14T04:44:06.000Z
+61748026302,Completed,-0.075,2026-05-14T04:44:07.000Z
+61748026302,Completed,-0.15,2026-05-14T04:44:07.000Z
+61748026302,Completed,-0.075,2026-05-14T04:44:06.000Z
+61748026302,Completed,-0.075,2026-05-14T04:44:08.000Z
+61748026302,Completed,-0.075,2026-05-14T04:44:07.000Z
+61748026302,Completed,-0.225,2026-05-14T04:44:08.000Z
+61748026302,Completed,-0.075,2026-05-14T04:44:07.000Z
+61748026302,Completed,-0.075,2026-05-14T04:44:06.000Z
+61748026302,Completed,-0.0252,2026-05-14T04:44:09.000Z
+61748026302,Completed,-0.075,2026-05-14T04:44:07.000Z
+61748026302,Completed,-0.0504,2026-05-14T04:44:06.000Z
+61748026302,Completed,-0.075,2026-05-14T04:43:08.000Z
+61435103986,Completed,-0.01,2026-05-14T04:43:41.000Z
+61748026302,Completed,-0.15,2026-05-14T04:43:05.000Z
+61748026302,Completed,-0.15,2026-05-14T04:43:07.000Z
+61748026302,Completed,-0.075,2026-05-14T04:43:04.000Z
+61748026302,Completed,-0.15,2026-05-14T04:43:06.000Z
+61748026302,Completed,-0.075,2026-05-14T04:43:06.000Z
+61748026302,Completed,-0.15,2026-05-14T04:43:05.000Z
+61748026302,Completed,-0.075,2026-05-14T04:43:04.000Z
+61748026302,Completed,-0.075,2026-05-14T04:43:06.000Z
+61748026302,Completed,-0.075,2026-05-14T04:43:05.000Z
+61748026302,Completed,-0.15,2026-05-14T04:43:07.000Z
+61748026302,Completed,-0.075,2026-05-14T04:43:04.000Z
+61748026302,Completed,-0.075,2026-05-14T04:43:04.000Z
+61748026302,Completed,-0.15,2026-05-14T04:43:05.000Z
+61748026302,Completed,-0.075,2026-05-14T04:43:04.000Z
+61748026302,Completed,-0.075,2026-05-14T04:43:04.000Z
+61748026302,Completed,-0.075,2026-05-14T04:43:05.000Z
+61748026302,Completed,-0.075,2026-05-14T04:43:04.000Z
+61748026302,Completed,-0.075,2026-05-14T04:43:04.000Z
+61748026302,Completed,-0.075,2026-05-14T04:42:17.000Z
+61748026302,Completed,-0.075,2026-05-14T04:42:18.000Z
+61748026302,Completed,-0.075,2026-05-14T04:42:13.000Z
+61748026302,Completed,-0.15,2026-05-14T04:42:15.000Z
+61748026302,Completed,-0.075,2026-05-14T04:42:16.000Z
+61748026302,Completed,-0.075,2026-05-14T04:42:15.000Z
+61748026302,Completed,-0.075,2026-05-14T04:42:14.000Z
+61748026302,Completed,-0.0252,2026-05-14T04:42:16.000Z
+61427385580,Completed,-0.01,2026-05-14T04:42:32.000Z
+61748026302,Completed,-0.15,2026-05-14T04:42:15.000Z
+61748026302,Completed,-0.075,2026-05-14T04:42:14.000Z
+61748026302,Completed,-0.075,2026-05-14T04:42:12.000Z
+61748026302,Completed,-0.075,2026-05-14T04:42:11.000Z
+61748026302,Completed,-0.075,2026-05-14T04:42:10.000Z
+61748026302,Completed,-0.075,2026-05-14T04:42:15.000Z
+61748026302,Completed,-0.075,2026-05-14T04:42:11.000Z
+61748026302,Completed,-0.075,2026-05-14T04:42:14.000Z
+61748026302,Completed,-0.075,2026-05-14T04:42:14.000Z
+61748026302,Completed,-0.075,2026-05-14T04:42:11.000Z
+61748026302,Completed,-0.075,2026-05-14T04:42:10.000Z
+61748026302,Completed,-0.15,2026-05-14T04:42:10.000Z
+61403757212,Completed,-0.01,2026-05-14T04:42:09.000Z
+61748026302,Completed,-0.075,2026-05-14T04:41:10.000Z
+61748026302,Completed,-0.15,2026-05-14T04:41:08.000Z
+61748026302,Completed,-0.075,2026-05-14T04:41:08.000Z
+61748026302,Completed,-0.15,2026-05-14T04:41:06.000Z
+61748026302,Completed,-0.075,2026-05-14T04:41:05.000Z
+61748026302,Completed,-0.075,2026-05-14T04:41:06.000Z
+61748026302,Completed,-0.15,2026-05-14T04:41:04.000Z
+61748026302,Completed,-0.075,2026-05-14T04:41:04.000Z
+61748026302,Completed,-0.225,2026-05-14T04:41:06.000Z
+61748026302,Completed,-0.075,2026-05-14T04:41:04.000Z
+61748026302,Completed,-0.075,2026-05-14T04:41:04.000Z
+61748026302,Completed,-0.15,2026-05-14T04:41:05.000Z
+61748026302,Completed,-0.075,2026-05-14T04:40:24.000Z
+61748026302,Completed,-0.075,2026-05-14T04:41:04.000Z
+61748026302,Completed,-0.15,2026-05-14T04:40:24.000Z
+61748026302,Completed,-0.0252,2026-05-14T04:41:05.000Z
+61748026302,Completed,-0.075,2026-05-14T04:41:04.000Z
+61748026302,Completed,-0.075,2026-05-14T04:40:28.000Z
+61748026302,Completed,-0.075,2026-05-14T04:40:26.000Z
+61748026302,Completed,-0.075,2026-05-14T04:40:23.000Z
+61748026302,Completed,-0.15,2026-05-14T04:40:26.000Z
+61748026302,Completed,-0.15,2026-05-14T04:40:25.000Z
+61748026302,Completed,-0.15,2026-05-14T04:40:22.000Z
+61748026302,Completed,-0.075,2026-05-14T04:40:21.000Z
+61748026302,Completed,-0.075,2026-05-14T04:40:23.000Z
+61748026302,Completed,-0.075,2026-05-14T04:40:24.000Z
+61748026302,Completed,-0.075,2026-05-14T04:40:22.000Z
+61748026302,Completed,-0.075,2026-05-14T04:40:23.000Z
+61748026302,Completed,-0.075,2026-05-14T04:40:22.000Z
+61748026302,Completed,-0.15,2026-05-14T04:40:21.000Z
+61748026302,Completed,-0.075,2026-05-14T04:40:22.000Z
+61748026302,Completed,-0.075,2026-05-14T04:40:21.000Z
+61748026302,Completed,-0.075,2026-05-14T04:40:23.000Z
+61748026302,Completed,-0.15,2026-05-14T04:40:23.000Z
+61748026302,Completed,-0.075,2026-05-14T04:40:22.000Z
+61748026302,Completed,-0.075,2026-05-14T04:40:21.000Z
+61432868117,Completed,-0.01,2026-05-14T04:39:57.000Z
+61447474982,Completed,-0.01,2026-05-14T04:39:50.000Z
+61748026302,Completed,-0.075,2026-05-14T04:39:06.000Z
+61748026302,Completed,-0.075,2026-05-14T04:39:06.000Z
+61748026302,Completed,-0.15,2026-05-14T04:39:07.000Z
+61748026302,Completed,-0.15,2026-05-14T04:39:05.000Z
+61748026302,Completed,-0.15,2026-05-14T04:39:05.000Z
+61748026302,Completed,-0.15,2026-05-14T04:39:04.000Z
+61748026302,Completed,-0.075,2026-05-14T04:39:05.000Z
+61748026302,Completed,-0.075,2026-05-14T04:39:04.000Z
+61748026302,Completed,-0.075,2026-05-14T04:39:06.000Z
+61748026302,Completed,-0.075,2026-05-14T04:39:04.000Z
+61748026302,Completed,-0.075,2026-05-14T04:39:04.000Z
+61748026302,Completed,-0.075,2026-05-14T04:39:07.000Z
+61748026302,Completed,-0.15,2026-05-14T04:39:05.000Z
+61748026302,Completed,-0.075,2026-05-14T04:39:04.000Z
+61748026302,Completed,-0.075,2026-05-14T04:39:04.000Z
+61748026302,Completed,-0.075,2026-05-14T04:38:14.000Z
+61430279456,Completed,0.0,2026-05-14T04:38:51.000Z
+61748026302,Completed,-0.075,2026-05-14T04:38:13.000Z
+61748026302,Completed,-0.075,2026-05-14T04:38:14.000Z
+61748026302,Completed,-0.075,2026-05-14T04:38:12.000Z
+61748026302,Completed,-0.075,2026-05-14T04:38:07.000Z
+61748026302,Completed,-0.075,2026-05-14T04:38:13.000Z
+61748026302,Completed,-0.075,2026-05-14T04:38:14.000Z
+61748026302,Completed,-0.075,2026-05-14T04:38:12.000Z
+61748026302,Completed,-0.075,2026-05-14T04:38:11.000Z
+61748026302,Completed,-0.075,2026-05-14T04:38:11.000Z
+61748026302,Completed,-0.075,2026-05-14T04:38:10.000Z
+61748026302,Completed,-0.075,2026-05-14T04:38:10.000Z
+61748026302,Completed,-0.075,2026-05-14T04:38:06.000Z
+61748026302,Completed,-0.15,2026-05-14T04:38:06.000Z
+61748026302,Completed,-0.075,2026-05-14T04:38:06.000Z
+61748026302,Completed,-0.075,2026-05-14T04:38:11.000Z
+61748026302,Completed,-0.075,2026-05-14T04:38:09.000Z
+61748026302,Completed,-0.075,2026-05-14T04:38:08.000Z
+61748026302,Completed,-0.0252,2026-05-14T04:38:07.000Z
+61432701600,Completed,-0.01,2026-05-14T04:38:18.000Z
+61748026302,Completed,-0.075,2026-05-14T04:38:08.000Z
+61490518359,Completed,-0.01,2026-05-14T04:38:13.000Z
+61748026302,Completed,-0.15,2026-05-14T04:38:09.000Z
+61748026302,Completed,-0.075,2026-05-14T04:38:08.000Z
+61748026302,Completed,-0.15,2026-05-14T04:37:09.000Z
+61748026302,Completed,-0.15,2026-05-14T04:37:11.000Z
+61748026302,Completed,-0.15,2026-05-14T04:37:11.000Z
+61748026302,Completed,-0.15,2026-05-14T04:37:21.000Z
+61748026302,Completed,-0.075,2026-05-14T04:37:10.000Z
+61748026302,Completed,-0.075,2026-05-14T04:37:11.000Z
+61748026302,Completed,-0.075,2026-05-14T04:37:09.000Z
+61748026302,Completed,-0.075,2026-05-14T04:37:11.000Z
+61748026302,Completed,-0.075,2026-05-14T04:37:10.000Z
+61748026302,Completed,-0.075,2026-05-14T04:37:09.000Z
+61748026302,Completed,-0.075,2026-05-14T04:37:12.000Z
+61748026302,Completed,-0.075,2026-05-14T04:37:11.000Z
+61748026302,Completed,-0.075,2026-05-14T04:37:10.000Z
+61748026302,No Answer,,2026-05-14T04:37:12.000Z
+61748026302,Completed,-0.075,2026-05-14T04:36:11.000Z
+61748026302,Completed,-0.075,2026-05-14T04:36:11.000Z
+61748026302,Completed,-0.15,2026-05-14T04:36:12.000Z
+61748026302,Completed,-0.15,2026-05-14T04:36:12.000Z
+61748026302,Completed,-0.15,2026-05-14T04:36:11.000Z
+61748026302,Completed,-0.15,2026-05-14T04:36:10.000Z
+61748026302,Completed,-0.075,2026-05-14T04:36:09.000Z
+61748026302,Completed,-0.075,2026-05-14T04:36:13.000Z
+61748026302,Completed,-0.075,2026-05-14T04:36:09.000Z
+61748026302,Completed,-0.15,2026-05-14T04:36:09.000Z
+61414940329,Completed,-0.01,2026-05-14T04:36:24.000Z
+61748026302,Completed,-0.075,2026-05-14T04:36:09.000Z
+61748026302,Completed,-0.075,2026-05-14T04:36:10.000Z
+61748026302,Completed,-0.075,2026-05-14T04:36:05.000Z
+61748026302,Completed,-0.15,2026-05-14T04:36:10.000Z
+61748026302,Completed,-0.075,2026-05-14T04:36:09.000Z
+61748026302,Completed,-0.075,2026-05-14T04:36:07.000Z
+61748026302,Completed,-0.15,2026-05-14T04:36:06.000Z
+61748026302,No Answer,,2026-05-14T04:36:10.000Z
+61748026302,Completed,-0.15,2026-05-14T04:35:13.000Z
+61413020440,Completed,-0.01,2026-05-14T04:35:51.000Z
+61748026302,Completed,-0.15,2026-05-14T04:35:13.000Z
+61748026302,Completed,-0.075,2026-05-14T04:35:13.000Z
+61748026302,Completed,-0.075,2026-05-14T04:35:12.000Z
+61459157147,Completed,-0.01,2026-05-14T04:35:34.000Z
+61748026302,Completed,-0.075,2026-05-14T04:35:13.000Z
+61748026302,Completed,-0.075,2026-05-14T04:35:12.000Z
+61748026302,Completed,-0.15,2026-05-14T04:35:12.000Z
+61748026302,Completed,-0.075,2026-05-14T04:35:11.000Z
+61748026302,Completed,-0.15,2026-05-14T04:35:10.000Z
+61748026302,Completed,-0.075,2026-05-14T04:35:10.000Z
+61748026302,Completed,-0.075,2026-05-14T04:35:10.000Z
+61748026302,Completed,-0.075,2026-05-14T04:35:12.000Z
+61748026302,Completed,-0.15,2026-05-14T04:35:11.000Z
+61748026302,Completed,-0.15,2026-05-14T04:35:11.000Z
+61748026302,Completed,-0.075,2026-05-14T04:35:11.000Z
+61748026302,No Answer,,2026-05-14T04:35:12.000Z
+61432225960,Completed,-0.01,2026-05-14T04:35:08.000Z
+61414940329,Completed,-0.01,2026-05-14T04:34:56.000Z
+61423273438,Completed,-0.01,2026-05-14T04:34:55.000Z
+61748026302,Completed,-0.075,2026-05-14T04:34:11.000Z
+61748026302,Completed,-0.15,2026-05-14T04:34:09.000Z
+61748026302,Completed,-0.075,2026-05-14T04:34:08.000Z
+61748026302,Completed,-0.15,2026-05-14T04:34:07.000Z
+61748026302,Completed,-0.075,2026-05-14T04:34:09.000Z
+61748026302,Completed,-0.075,2026-05-14T04:34:06.000Z
+61748026302,Completed,-0.15,2026-05-14T04:34:06.000Z
+61748026302,Completed,-0.075,2026-05-14T04:34:10.000Z
+61748026302,Completed,-0.15,2026-05-14T04:34:07.000Z
+61748026302,Completed,-0.15,2026-05-14T04:34:06.000Z
+61748026302,Completed,-0.075,2026-05-14T04:34:07.000Z
+61748026302,Completed,-0.075,2026-05-14T04:34:08.000Z
+61748026302,Completed,-0.075,2026-05-14T04:34:13.000Z
+61748026302,Completed,-0.15,2026-05-14T04:34:07.000Z
+61748026302,Completed,-0.15,2026-05-14T04:34:05.000Z
+61748026302,Completed,-0.075,2026-05-14T04:34:06.000Z
+61748026302,Completed,-0.075,2026-05-14T04:34:07.000Z
+61748026302,Busy,,2026-05-14T04:34:09.000Z
+61748026302,Completed,-0.15,2026-05-14T04:34:05.000Z
+61748026302,Completed,-0.15,2026-05-14T04:33:11.000Z
+61748026302,Completed,-0.15,2026-05-14T04:33:13.000Z
+61748026302,Completed,-0.075,2026-05-14T04:33:12.000Z
+61748026302,Completed,-0.075,2026-05-14T04:33:06.000Z
+61748026302,Completed,-0.075,2026-05-14T04:33:13.000Z
+61748026302,Completed,-0.075,2026-05-14T04:33:11.000Z
+61748026302,Completed,-0.075,2026-05-14T04:33:09.000Z
+61748026302,Completed,-0.075,2026-05-14T04:33:06.000Z
+61748026302,Completed,-0.075,2026-05-14T04:33:05.000Z
+61748026302,Completed,-0.075,2026-05-14T04:33:09.000Z
+61748026302,Completed,-0.15,2026-05-14T04:33:09.000Z
+61748026302,Completed,-0.075,2026-05-14T04:33:05.000Z
+61748026302,Completed,-0.075,2026-05-14T04:33:07.000Z
+61748026302,Completed,-0.075,2026-05-14T04:33:07.000Z
+61748026302,Busy,,2026-05-14T04:33:10.000Z
+61748026302,Busy,,2026-05-14T04:33:07.000Z
+61748026302,Completed,-0.075,2026-05-14T04:32:13.000Z
+61748026302,Completed,-0.075,2026-05-14T04:32:13.000Z
+61748026302,Completed,-0.075,2026-05-14T04:32:13.000Z
+61748026302,Completed,-0.075,2026-05-14T04:32:12.000Z
+61748026302,Completed,-0.15,2026-05-14T04:32:14.000Z
+61748026302,Completed,-0.075,2026-05-14T04:32:12.000Z
+61748026302,Completed,-0.075,2026-05-14T04:32:06.000Z
+61748026302,Completed,-0.15,2026-05-14T04:32:11.000Z
+61748026302,Completed,-0.075,2026-05-14T04:32:14.000Z
+61748026302,Completed,-0.075,2026-05-14T04:32:13.000Z
+61748026302,Completed,-0.075,2026-05-14T04:32:11.000Z
+61748026302,Completed,-0.075,2026-05-14T04:32:11.000Z
+61748026302,Completed,-0.075,2026-05-14T04:32:11.000Z
+61748026302,Completed,-0.075,2026-05-14T04:32:08.000Z
+61748026302,Completed,-0.075,2026-05-14T04:32:12.000Z
+61748026302,Completed,-0.075,2026-05-14T04:32:10.000Z
+61748026302,Completed,-0.075,2026-05-14T04:32:10.000Z
+61748026302,Completed,-0.075,2026-05-14T04:32:13.000Z
+61748026302,Completed,-0.075,2026-05-14T04:32:13.000Z
+61748026302,Completed,-0.075,2026-05-14T04:32:12.000Z
+61748026302,Completed,-0.675,2026-05-14T04:32:10.000Z
+61748026302,Busy,,2026-05-14T04:32:13.000Z
+61419792143,Completed,-0.01,2026-05-14T04:31:58.000Z
+61748026302,Completed,-0.075,2026-05-14T04:30:33.000Z
+61400592463,Completed,-0.01,2026-05-14T04:31:31.000Z
+61748026302,Completed,-0.225,2026-05-14T04:31:08.000Z
+61748026302,Completed,-0.075,2026-05-14T04:31:06.000Z
+61748026302,Completed,-0.075,2026-05-14T04:31:05.000Z
+61748026302,Completed,-0.075,2026-05-14T04:31:07.000Z
+61748026302,Completed,-0.075,2026-05-14T04:30:35.000Z
+61748026302,No Answer,,2026-05-14T04:31:08.000Z
+61748026302,Completed,-0.15,2026-05-14T04:30:35.000Z
+61748026302,Completed,-0.075,2026-05-14T04:30:37.000Z
+61748026302,Completed,-0.15,2026-05-14T04:30:36.000Z
+61748026302,Completed,-0.075,2026-05-14T04:30:35.000Z
+61748026302,Completed,-0.075,2026-05-14T04:30:38.000Z
+61748026302,Completed,-0.075,2026-05-14T04:30:36.000Z
+61748026302,Completed,-0.075,2026-05-14T04:30:33.000Z
+61748026302,Completed,-0.075,2026-05-14T04:30:35.000Z
+61748026302,Completed,-0.15,2026-05-14T04:30:35.000Z
+61748026302,Completed,0.0,2026-05-14T04:30:33.000Z
+61748026302,Completed,-0.15,2026-05-14T04:30:34.000Z
+61748026302,Completed,-0.075,2026-05-14T04:30:38.000Z
+61748026302,Completed,-0.075,2026-05-14T04:30:34.000Z
+61748026302,Completed,-0.15,2026-05-14T04:30:33.000Z
+61748026302,Completed,-0.0252,2026-05-14T04:30:34.000Z
+61748026302,Completed,-0.075,2026-05-14T04:30:33.000Z
+61748026302,Completed,-0.075,2026-05-14T04:30:31.000Z
+61748026302,Completed,-0.075,2026-05-14T04:30:32.000Z
+61748026302,Completed,-0.0252,2026-05-14T04:30:34.000Z
+61748026302,Completed,-0.15,2026-05-14T04:30:32.000Z
+61748026302,Completed,-0.15,2026-05-14T04:30:32.000Z
+61748026302,Completed,-0.075,2026-05-14T04:30:32.000Z
+61748026302,Completed,-0.075,2026-05-14T04:30:31.000Z
+61748026302,Completed,-0.075,2026-05-14T04:30:31.000Z
+61748026302,Completed,-0.075,2026-05-14T04:29:06.000Z
+61748026302,Completed,-0.075,2026-05-14T04:29:07.000Z
+61748026302,Completed,-0.075,2026-05-14T04:29:06.000Z
+61748026302,Completed,-0.075,2026-05-14T04:29:07.000Z
+61748026302,Completed,0.0,2026-05-14T04:29:05.000Z
+61748026302,Completed,-0.075,2026-05-14T04:29:06.000Z
+61748026302,Completed,-0.075,2026-05-14T04:29:06.000Z
+61434718052,Completed,-0.01,2026-05-14T04:29:24.000Z
+61748026302,Completed,-0.15,2026-05-14T04:29:05.000Z
+61748026302,Completed,-0.075,2026-05-14T04:29:05.000Z
+61748026302,Completed,-0.075,2026-05-14T04:29:04.000Z
+61748026302,Completed,-0.075,2026-05-14T04:29:04.000Z
+61748026302,Completed,-0.075,2026-05-14T04:29:04.000Z
+61748026302,Completed,-0.15,2026-05-14T04:29:04.000Z
+61748026302,Completed,-0.075,2026-05-14T04:29:06.000Z
+61748026302,Completed,-0.15,2026-05-14T04:29:05.000Z
+61434718052,Completed,-0.01,2026-05-14T04:29:09.000Z
+61748026302,Completed,-0.075,2026-05-14T04:29:04.000Z
+61748026302,Failed,0.0,2026-05-14T04:29:04.000Z
+61748026302,Completed,-0.15,2026-05-14T04:28:09.000Z
+61748026302,Completed,-0.075,2026-05-14T04:28:10.000Z
+61748026302,Completed,-0.15,2026-05-14T04:28:06.000Z
+61748026302,Completed,-0.075,2026-05-14T04:28:12.000Z
+61748026302,Completed,-0.15,2026-05-14T04:28:12.000Z
+61748026302,Completed,-0.15,2026-05-14T04:28:11.000Z
+61748026302,Completed,-0.075,2026-05-14T04:28:08.000Z
+61748026302,Completed,-0.075,2026-05-14T04:28:06.000Z
+61748026302,Completed,-0.15,2026-05-14T04:28:07.000Z
+61748026302,Completed,-0.075,2026-05-14T04:28:10.000Z
+61748026302,Completed,-0.15,2026-05-14T04:28:05.000Z
+61748026302,Completed,-0.075,2026-05-14T04:28:05.000Z
+61748026302,Completed,-0.075,2026-05-14T04:28:05.000Z
+61748026302,Completed,-0.15,2026-05-14T04:28:12.000Z
+61748026302,Completed,-0.075,2026-05-14T04:28:07.000Z
+61748026302,Completed,-0.0252,2026-05-14T04:28:05.000Z
+61748026302,Completed,-0.075,2026-05-14T04:28:06.000Z
+61439644337,Completed,-0.01,2026-05-14T04:27:48.000Z
+61748026302,Completed,-0.15,2026-05-14T04:27:10.000Z
+61748026302,Completed,-0.075,2026-05-14T04:27:10.000Z
+61748026302,Completed,-0.075,2026-05-14T04:27:10.000Z
+61748026302,Completed,-0.225,2026-05-14T04:27:11.000Z
+61748026302,Completed,-0.15,2026-05-14T04:27:09.000Z
+61748026302,Completed,-0.15,2026-05-14T04:27:09.000Z
+61748026302,Completed,-0.15,2026-05-14T04:27:09.000Z
+61748026302,Completed,-0.075,2026-05-14T04:27:09.000Z
+61748026302,Completed,-0.075,2026-05-14T04:27:09.000Z
+61748026302,Completed,-0.075,2026-05-14T04:27:06.000Z
+61748026302,Completed,-0.15,2026-05-14T04:27:06.000Z
+61748026302,Completed,-0.075,2026-05-14T04:27:10.000Z
+61748026302,Completed,-0.075,2026-05-14T04:27:08.000Z
+61748026302,Completed,-0.075,2026-05-14T04:27:08.000Z
+61748026302,Completed,-0.0756,2026-05-14T04:27:06.000Z
+61748026302,Busy,,2026-05-14T04:27:10.000Z
+61748026302,Failed,0.0,2026-05-14T04:27:08.000Z
+61499201995,Completed,-0.01,2026-05-14T04:27:07.000Z
+61402164516,Completed,-0.01,2026-05-14T04:27:04.000Z
+61748026302,Completed,0.0,2026-05-14T04:26:13.000Z
+61748026302,Completed,-0.075,2026-05-14T04:26:15.000Z
+61748026302,Completed,-0.15,2026-05-14T04:26:10.000Z
+61748026302,Completed,-0.075,2026-05-14T04:26:11.000Z
+61748026302,Completed,-0.15,2026-05-14T04:26:13.000Z
+61748026302,Completed,-0.15,2026-05-14T04:26:09.000Z
+61748026302,Completed,-0.075,2026-05-14T04:26:07.000Z
+61748026302,Completed,-0.15,2026-05-14T04:26:08.000Z
+61748026302,Completed,-0.075,2026-05-14T04:26:12.000Z
+61748026302,Completed,-0.075,2026-05-14T04:26:10.000Z
+61748026302,Completed,-0.075,2026-05-14T04:26:08.000Z
+61748026302,Completed,-0.0504,2026-05-14T04:26:16.000Z
+61748026302,Completed,-0.15,2026-05-14T04:26:10.000Z
+61748026302,Completed,-0.075,2026-05-14T04:26:07.000Z
+61748026302,Completed,-0.075,2026-05-14T04:26:09.000Z
+61748026302,Completed,-0.075,2026-05-14T04:26:11.000Z
+61748026302,Completed,-0.075,2026-05-14T04:26:08.000Z
+61748026302,Completed,-0.075,2026-05-14T04:26:07.000Z
+61748026302,Completed,-0.075,2026-05-14T04:26:09.000Z
+61429700591,Completed,-0.01,2026-05-14T04:26:11.000Z
+61748026302,Completed,-0.0252,2026-05-14T04:26:08.000Z
+61435506767,Completed,-0.01,2026-05-14T04:25:59.000Z
+61748026302,Completed,-0.075,2026-05-14T04:25:13.000Z
+61748026302,Completed,-0.15,2026-05-14T04:25:14.000Z
+61748026302,Completed,-0.075,2026-05-14T04:25:09.000Z
+61748026302,Completed,-0.075,2026-05-14T04:25:12.000Z
+61748026302,Completed,-0.15,2026-05-14T04:25:11.000Z
+61748026302,Completed,-0.15,2026-05-14T04:25:09.000Z
+61748026302,Completed,-0.075,2026-05-14T04:25:15.000Z
+61748026302,Completed,-0.15,2026-05-14T04:25:09.000Z
+61748026302,Completed,-0.075,2026-05-14T04:25:10.000Z
+61748026302,Completed,-0.075,2026-05-14T04:25:10.000Z
+61748026302,Completed,-0.075,2026-05-14T04:25:15.000Z
+61748026302,Completed,-0.075,2026-05-14T04:25:09.000Z
+61748026302,Completed,-0.075,2026-05-14T04:24:17.000Z
+61748026302,Completed,-0.15,2026-05-14T04:24:17.000Z
+61748026302,Completed,-0.075,2026-05-14T04:24:16.000Z
+61748026302,Completed,-0.075,2026-05-14T04:24:12.000Z
+61748026302,Completed,-0.075,2026-05-14T04:24:18.000Z
+61748026302,Completed,-0.075,2026-05-14T04:24:16.000Z
+61748026302,Completed,-0.075,2026-05-14T04:24:14.000Z
+61748026302,Completed,-0.075,2026-05-14T04:24:13.000Z
+61427061111,Completed,-0.01,2026-05-14T04:24:35.000Z
+61748026302,Completed,-0.15,2026-05-14T04:24:16.000Z
+61748026302,Completed,-0.075,2026-05-14T04:24:13.000Z
+61748026302,Completed,-0.075,2026-05-14T04:24:13.000Z
+61748026302,Completed,-0.15,2026-05-14T04:24:17.000Z
+61748026302,Completed,-0.075,2026-05-14T04:24:15.000Z
+61748026302,Completed,-0.15,2026-05-14T04:24:11.000Z
+61748026302,Completed,-0.15,2026-05-14T04:24:11.000Z
+61748026302,Completed,-0.075,2026-05-14T04:24:10.000Z
+61748026302,Completed,-0.075,2026-05-14T04:24:17.000Z
+61748026302,Completed,-0.225,2026-05-14T04:24:15.000Z
+61748026302,Completed,-0.075,2026-05-14T04:24:10.000Z
+61748026302,Completed,-0.075,2026-05-14T04:24:15.000Z
+61748026302,Completed,-0.075,2026-05-14T04:24:12.000Z
+61748026302,Completed,-0.15,2026-05-14T04:24:11.000Z
+61748026302,Completed,-0.15,2026-05-14T04:24:10.000Z
+61431135900,Completed,-0.01,2026-05-14T04:23:53.000Z
+61748026302,Completed,-0.075,2026-05-14T04:23:11.000Z
+61748026302,Completed,-0.075,2026-05-14T04:23:09.000Z
+61748026302,Completed,-0.075,2026-05-14T04:23:09.000Z
+61748026302,Completed,-0.075,2026-05-14T04:23:09.000Z
+61748026302,Completed,-0.075,2026-05-14T04:23:10.000Z
+61748026302,Completed,-0.075,2026-05-14T04:23:08.000Z
+61748026302,Completed,-0.15,2026-05-14T04:23:08.000Z
+61748026302,Completed,-0.075,2026-05-14T04:23:10.000Z
+61748026302,Completed,-0.075,2026-05-14T04:23:08.000Z
+61423322062,Completed,-0.01,2026-05-14T04:23:21.000Z
+61748026302,Completed,-0.15,2026-05-14T04:22:51.000Z
+61748026302,Completed,-0.075,2026-05-14T04:23:14.000Z
+61748026302,Completed,-0.075,2026-05-14T04:23:08.000Z
+61748026302,Completed,-0.075,2026-05-14T04:22:55.000Z
+61748026302,Completed,-0.075,2026-05-14T04:22:54.000Z
+61748026302,Completed,-0.15,2026-05-14T04:23:09.000Z
+61748026302,Completed,-0.075,2026-05-14T04:23:08.000Z
+61748026302,Completed,-0.075,2026-05-14T04:22:50.000Z
+61748026302,Completed,-0.075,2026-05-14T04:22:42.000Z
+61420301605,Completed,-0.01,2026-05-14T04:23:05.000Z
+61748026302,Completed,-0.075,2026-05-14T04:22:47.000Z
+61748026302,Completed,-0.075,2026-05-14T04:22:46.000Z
+61748026302,Completed,-0.075,2026-05-14T04:22:52.000Z
+61403039167,Completed,-0.01,2026-05-14T04:22:56.000Z
+61748026302,Completed,-0.15,2026-05-14T04:22:38.000Z
+61748026302,Completed,-0.075,2026-05-14T04:22:40.000Z
+61748026302,Completed,-0.15,2026-05-14T04:22:32.000Z
+61748026302,Completed,-0.15,2026-05-14T04:22:29.000Z
+61748026302,Completed,-0.075,2026-05-14T04:22:45.000Z
+61748026302,Completed,-0.075,2026-05-14T04:22:33.000Z
+61748026302,Completed,-0.075,2026-05-14T04:22:39.000Z
+61748026302,Completed,-0.15,2026-05-14T04:22:37.000Z
+61748026302,Completed,-0.075,2026-05-14T04:22:18.000Z
+61748026302,Completed,-0.075,2026-05-14T04:22:17.000Z
+61748026302,Completed,-0.075,2026-05-14T04:22:20.000Z
+61748026302,Completed,-0.15,2026-05-14T04:22:13.000Z
+61748026302,Completed,-0.075,2026-05-14T04:22:28.000Z
+61748026302,Completed,-0.075,2026-05-14T04:22:14.000Z
+61748026302,Completed,-0.075,2026-05-14T04:22:23.000Z
+61748026302,No Answer,,2026-05-14T04:22:19.000Z
+61748026302,Completed,-0.15,2026-05-14T04:22:08.000Z
+61748026302,Completed,-0.075,2026-05-14T04:21:15.000Z
+61748026302,Completed,-0.075,2026-05-14T04:21:12.000Z
+61748026302,Completed,-0.075,2026-05-14T04:21:11.000Z
+61748026302,Completed,-0.15,2026-05-14T04:21:08.000Z
+61748026302,Completed,-0.075,2026-05-14T04:21:04.000Z
+61876660507,Completed,-0.0756,2026-05-14T04:21:28.000Z
+61748026302,Completed,-0.075,2026-05-14T04:21:13.000Z
+61430110297,Completed,-0.01,2026-05-14T04:21:24.000Z
+61748026302,Completed,-0.075,2026-05-14T04:21:06.000Z
+61748026302,Completed,-0.075,2026-05-14T04:20:39.000Z
+61748026302,Completed,-0.075,2026-05-14T04:21:09.000Z
+61748026302,Completed,-0.075,2026-05-14T04:20:38.000Z
+61748026302,Completed,-0.075,2026-05-14T04:21:10.000Z
+61748026302,Completed,-0.075,2026-05-14T04:20:26.000Z
+61748026302,Completed,-0.075,2026-05-14T04:20:36.000Z
+61748026302,Completed,-0.075,2026-05-14T04:20:29.000Z
+61748026302,Completed,-0.15,2026-05-14T04:20:34.000Z
+61748026302,Completed,-0.075,2026-05-14T04:20:35.000Z
+61748026302,Completed,0.0,2026-05-14T04:20:28.000Z
+61748026302,Completed,-0.075,2026-05-14T04:20:37.000Z
+61748026302,Completed,-0.15,2026-05-14T04:20:31.000Z
+61748026302,Completed,-0.075,2026-05-14T04:20:30.000Z
+61748026302,Completed,-0.15,2026-05-14T04:20:40.000Z
+61748026302,Completed,-0.15,2026-05-14T04:20:33.000Z
+61748026302,Completed,-0.15,2026-05-14T04:20:21.000Z
+61748026302,Completed,-0.15,2026-05-14T04:20:32.000Z
+61748026302,Completed,-0.075,2026-05-14T04:20:20.000Z
+61748026302,Completed,-0.075,2026-05-14T04:20:24.000Z
+61748026302,Completed,-0.075,2026-05-14T04:20:27.000Z
+61748026302,Completed,-0.075,2026-05-14T04:20:25.000Z
+61499925947,Completed,-0.01,2026-05-14T04:20:28.000Z
+61748026302,Completed,-0.075,2026-05-14T04:20:23.000Z
+61748026302,Completed,-0.15,2026-05-14T04:19:25.000Z
+61438284688,Completed,-0.05,2026-05-14T04:19:47.000Z
+61748026302,Completed,-0.0504,2026-05-14T04:19:27.000Z
+61748026302,Completed,-0.15,2026-05-14T04:19:19.000Z
+61748026302,Completed,-0.225,2026-05-14T04:19:20.000Z
+61748026302,Completed,-0.075,2026-05-14T04:19:23.000Z
+61748026302,Completed,-0.15,2026-05-14T04:19:08.000Z
+61748026302,Completed,-0.075,2026-05-14T04:19:24.000Z
+61748026302,Completed,-0.15,2026-05-14T04:19:22.000Z
+61748026302,Completed,-0.075,2026-05-14T04:19:18.000Z
+61748026302,Completed,-0.0252,2026-05-14T04:19:21.000Z
+61748026302,No Answer,,2026-05-14T04:19:26.000Z
+61748026302,Completed,-0.075,2026-05-14T04:19:14.000Z
+61748026302,Completed,-0.075,2026-05-14T04:19:17.000Z
+61748026302,Completed,-0.075,2026-05-14T04:19:15.000Z
+61748026302,Completed,-0.075,2026-05-14T04:19:11.000Z
+61748026302,Completed,-0.075,2026-05-14T04:19:09.000Z
+61748026302,Completed,-0.075,2026-05-14T04:19:13.000Z
+61748026302,Completed,-0.075,2026-05-14T04:19:12.000Z
+61748026302,Completed,-0.15,2026-05-14T04:18:06.000Z
+61748026302,Completed,-0.075,2026-05-14T04:18:07.000Z
+61748026302,Completed,-0.15,2026-05-14T04:18:05.000Z
+61748026302,Completed,-0.15,2026-05-14T04:18:05.000Z
+61748026302,Completed,-0.075,2026-05-14T04:18:06.000Z
+61748026302,Completed,-0.075,2026-05-14T04:18:06.000Z
+61748026302,Completed,-0.15,2026-05-14T04:18:04.000Z
+61748026302,Completed,-0.15,2026-05-14T04:18:05.000Z
+61748026302,Completed,-0.075,2026-05-14T04:18:07.000Z
+61748026302,Completed,-0.075,2026-05-14T04:18:04.000Z
+61748026302,Completed,-0.15,2026-05-14T04:18:04.000Z
+61748026302,Completed,-0.075,2026-05-14T04:18:04.000Z
+61748026302,Completed,-0.075,2026-05-14T04:18:05.000Z
+61748026302,Completed,-0.075,2026-05-14T04:18:05.000Z
+61748026302,Completed,-0.075,2026-05-14T04:18:04.000Z
+61748026302,Completed,-0.075,2026-05-14T04:18:06.000Z
+61748026302,Completed,-0.15,2026-05-14T04:17:11.000Z
+61748026302,Completed,-0.15,2026-05-14T04:17:10.000Z
+61748026302,Completed,-0.075,2026-05-14T04:17:11.000Z
+61748026302,Completed,-0.075,2026-05-14T04:17:10.000Z
+61748026302,Completed,-0.15,2026-05-14T04:17:10.000Z
+61748026302,Completed,-0.15,2026-05-14T04:17:09.000Z
+61748026302,Completed,-0.075,2026-05-14T04:17:10.000Z
+61748026302,Completed,-0.075,2026-05-14T04:17:11.000Z
+61748026302,Completed,-0.225,2026-05-14T04:17:09.000Z
+61748026302,Completed,-0.15,2026-05-14T04:17:09.000Z
+61748026302,Completed,-0.15,2026-05-14T04:17:10.000Z
+61748026302,Completed,-0.0252,2026-05-14T04:17:11.000Z
+61748026302,Completed,-0.075,2026-05-14T04:17:10.000Z
+61748026302,Completed,-0.075,2026-05-14T04:17:09.000Z
+61748026302,Completed,-0.075,2026-05-14T04:17:09.000Z
+61748026302,Completed,-0.075,2026-05-14T04:17:09.000Z
+61748026302,Completed,-0.075,2026-05-14T04:17:09.000Z
+61748026302,Completed,-0.075,2026-05-14T04:17:08.000Z
+61748026302,Completed,-0.0252,2026-05-14T04:17:08.000Z
+61748026302,Completed,-0.15,2026-05-14T04:16:11.000Z
+61748026302,Completed,-0.075,2026-05-14T04:16:11.000Z
+61748026302,Completed,-0.15,2026-05-14T04:16:10.000Z
+61748026302,Completed,0.0,2026-05-14T04:16:12.000Z
+61748026302,Completed,-0.075,2026-05-14T04:16:09.000Z
+61477995213,Completed,-0.01,2026-05-14T04:16:41.000Z
+61748026302,Completed,-0.15,2026-05-14T04:16:09.000Z
+61748026302,Completed,-0.075,2026-05-14T04:16:10.000Z
+61748026302,Completed,-0.075,2026-05-14T04:16:10.000Z
+61748026302,Completed,-0.075,2026-05-14T04:16:11.000Z
+61748026302,Completed,-0.075,2026-05-14T04:16:11.000Z
+61748026302,Completed,-0.15,2026-05-14T04:16:12.000Z
+61748026302,Completed,-0.075,2026-05-14T04:16:10.000Z
+61748026302,Completed,-0.075,2026-05-14T04:16:12.000Z
+61748026302,Completed,-0.075,2026-05-14T04:16:10.000Z
+61748026302,Completed,-0.075,2026-05-14T04:16:09.000Z
+61748026302,Completed,-0.15,2026-05-14T04:16:11.000Z
+61748026302,Completed,-0.0252,2026-05-14T04:16:09.000Z
+61748026302,Completed,-0.15,2026-05-14T04:15:17.000Z
+61748026302,Completed,-0.075,2026-05-14T04:15:17.000Z
+61748026302,Completed,-0.075,2026-05-14T04:15:16.000Z
+61748026302,Completed,-0.15,2026-05-14T04:15:14.000Z
+61748026302,Completed,-0.075,2026-05-14T04:15:15.000Z
+61748026302,Completed,-0.15,2026-05-14T04:15:16.000Z
+61748026302,Completed,-0.15,2026-05-14T04:15:17.000Z
+61748026302,Completed,-0.075,2026-05-14T04:15:14.000Z
+61748026302,Completed,-0.075,2026-05-14T04:15:16.000Z
+61748026302,Completed,-0.15,2026-05-14T04:15:13.000Z
+61748026302,Completed,-0.075,2026-05-14T04:15:14.000Z
+61748026302,Completed,-0.075,2026-05-14T04:15:13.000Z
+61748026302,Completed,-0.075,2026-05-14T04:15:15.000Z
+61748026302,Completed,-0.075,2026-05-14T04:15:17.000Z
+61748026302,Completed,-0.075,2026-05-14T04:15:15.000Z
+61748026302,Completed,-0.075,2026-05-14T04:15:14.000Z
+61748026302,Completed,-0.075,2026-05-14T04:15:13.000Z
+61748026302,Completed,-0.15,2026-05-14T04:15:15.000Z
+61748026302,No Answer,,2026-05-14T04:15:16.000Z
+61748026302,Failed,0.0,2026-05-14T04:15:14.000Z
+61430341442,Completed,-0.01,2026-05-14T04:14:56.000Z
+61748026302,Completed,-0.075,2026-05-14T04:14:09.000Z
+61748026302,Completed,-0.15,2026-05-14T04:14:10.000Z
+61748026302,Completed,-0.15,2026-05-14T04:14:10.000Z
+61403777724,Completed,-0.01,2026-05-14T04:14:35.000Z
+61748026302,Completed,-0.15,2026-05-14T04:14:11.000Z
+61748026302,Completed,-0.075,2026-05-14T04:14:09.000Z
+61748026302,Completed,-0.075,2026-05-14T04:14:10.000Z
+61748026302,Completed,-0.075,2026-05-14T04:14:10.000Z
+61748026302,Completed,-0.075,2026-05-14T04:14:09.000Z
+61748026302,Completed,-0.075,2026-05-14T04:14:10.000Z
+61748026302,Completed,-0.15,2026-05-14T04:14:09.000Z
+61748026302,Completed,-0.075,2026-05-14T04:14:09.000Z
+61748026302,Completed,-0.075,2026-05-14T04:14:08.000Z
+61748026302,Completed,-0.15,2026-05-14T04:14:08.000Z
+61748026302,Completed,-0.075,2026-05-14T04:14:08.000Z
+61748026302,Completed,-0.075,2026-05-14T04:14:07.000Z
+61748026302,Completed,-0.0252,2026-05-14T04:14:08.000Z
+61748026302,Completed,-0.075,2026-05-14T04:14:08.000Z
+61748026302,Completed,-0.075,2026-05-14T04:13:07.000Z
+61748026302,Completed,-0.075,2026-05-14T04:13:16.000Z
+61748026302,Completed,-0.15,2026-05-14T04:13:07.000Z
+61748026302,Completed,-0.225,2026-05-14T04:13:08.000Z
+61748026302,Completed,-0.15,2026-05-14T04:13:07.000Z
+61407194146,Completed,-0.01,2026-05-14T04:13:30.000Z
+61748026302,Completed,-0.075,2026-05-14T04:13:08.000Z
+61748026302,Completed,-0.075,2026-05-14T04:13:08.000Z
+61748026302,Completed,-0.075,2026-05-14T04:13:06.000Z
+61748026302,Completed,-0.075,2026-05-14T04:13:05.000Z
+61748026302,Completed,-0.15,2026-05-14T04:13:05.000Z
+61748026302,Completed,-0.15,2026-05-14T04:13:05.000Z
+61448043913,Completed,-0.01,2026-05-14T04:13:22.000Z
+61748026302,Completed,-0.075,2026-05-14T04:13:06.000Z
+61748026302,Completed,-0.075,2026-05-14T04:13:06.000Z
+61748026302,Completed,-0.075,2026-05-14T04:13:06.000Z
+61748026302,Completed,-0.075,2026-05-14T04:13:06.000Z
+61748026302,Completed,-0.075,2026-05-14T04:13:05.000Z
+61411612235,Completed,-0.01,2026-05-14T04:13:18.000Z
+61748026302,Completed,-0.15,2026-05-14T04:13:07.000Z
+61748026302,Completed,-0.075,2026-05-14T04:13:04.000Z
+61478840000,Completed,-0.01,2026-05-14T04:13:08.000Z
+61748026302,Completed,-0.0252,2026-05-14T04:13:04.000Z
+61748026302,Completed,-0.15,2026-05-14T04:13:04.000Z
+61748026302,Failed,0.0,2026-05-14T04:13:05.000Z
+61748026302,Completed,-0.075,2026-05-14T04:12:13.000Z
+61748026302,Completed,-0.15,2026-05-14T04:12:10.000Z
+61748026302,Completed,-0.225,2026-05-14T04:12:10.000Z
+61748026302,Completed,-0.075,2026-05-14T04:12:09.000Z
+61748026302,Completed,-0.15,2026-05-14T04:12:09.000Z
+61748026302,Completed,-0.075,2026-05-14T04:12:10.000Z
+61748026302,Completed,-0.15,2026-05-14T04:12:10.000Z
+61748026302,Completed,-0.075,2026-05-14T04:12:10.000Z
+61748026302,Completed,-0.075,2026-05-14T04:12:08.000Z
+61748026302,Completed,-0.15,2026-05-14T04:12:09.000Z
+61748026302,Completed,-0.075,2026-05-14T04:12:11.000Z
+61748026302,Completed,-0.075,2026-05-14T04:12:07.000Z
+61748026302,Completed,-0.075,2026-05-14T04:12:09.000Z
+61748026302,Completed,-0.075,2026-05-14T04:12:08.000Z
+61748026302,Completed,-0.075,2026-05-14T04:12:08.000Z
+61748026302,Completed,-0.0252,2026-05-14T04:12:08.000Z
+61748026302,Completed,-0.075,2026-05-14T04:12:07.000Z
+61431837814,Completed,-0.01,2026-05-14T04:12:21.000Z
+61748026302,Completed,-0.075,2026-05-14T04:12:07.000Z
+61748026302,Completed,-0.075,2026-05-14T04:12:10.000Z
+61748026302,Completed,-0.075,2026-05-14T04:12:07.000Z
+61748026302,Completed,-0.075,2026-05-14T04:12:07.000Z
+61748026302,Completed,-0.15,2026-05-14T04:12:08.000Z
+61491946283,Completed,-0.01,2026-05-14T04:12:08.000Z
+61420317137,Completed,-0.01,2026-05-14T04:12:04.000Z
+61748026302,Completed,-0.15,2026-05-14T04:11:07.000Z
+61748026302,Completed,-0.15,2026-05-14T04:11:07.000Z
+61748026302,Completed,-0.075,2026-05-14T04:11:06.000Z
+61748026302,Completed,-0.075,2026-05-14T04:11:06.000Z
+61748026302,Completed,-0.15,2026-05-14T04:11:06.000Z
+61748026302,Completed,-0.075,2026-05-14T04:11:07.000Z
+61748026302,Completed,-0.075,2026-05-14T04:11:07.000Z
+61748026302,Completed,-0.075,2026-05-14T04:11:05.000Z
+61748026302,Completed,-0.075,2026-05-14T04:11:06.000Z
+61748026302,Completed,-0.075,2026-05-14T04:11:05.000Z
+61748026302,Completed,-0.0252,2026-05-14T04:11:06.000Z
+61748026302,Completed,-0.075,2026-05-14T04:11:05.000Z
+61748026302,Completed,-0.075,2026-05-14T04:10:16.000Z
+61748026302,Completed,-0.15,2026-05-14T04:10:16.000Z
+61748026302,Completed,-0.075,2026-05-14T04:10:16.000Z
+61435266359,Completed,-0.01,2026-05-14T04:10:49.000Z
+61748026302,Completed,-0.075,2026-05-14T04:10:14.000Z
+61748026302,Completed,-0.15,2026-05-14T04:10:15.000Z
+61748026302,Completed,-0.075,2026-05-14T04:10:14.000Z
+61748026302,Completed,-0.075,2026-05-14T04:10:15.000Z
+61748026302,Completed,-0.075,2026-05-14T04:10:13.000Z
+61748026302,Completed,-0.075,2026-05-14T04:10:15.000Z
+61748026302,Completed,-0.15,2026-05-14T04:10:15.000Z
+61748026302,Completed,-0.075,2026-05-14T04:10:14.000Z
+61748026302,Completed,-0.075,2026-05-14T04:10:13.000Z
+61748026302,Completed,-0.15,2026-05-14T04:10:12.000Z
+61748026302,Completed,-0.15,2026-05-14T04:10:12.000Z
+61748026302,Completed,-0.075,2026-05-14T04:10:12.000Z
+61748026302,Completed,-0.0252,2026-05-14T04:10:14.000Z
+61748026302,Completed,-0.075,2026-05-14T04:10:15.000Z
+61748026302,Completed,-0.075,2026-05-14T04:10:13.000Z
+61748026302,Completed,-0.075,2026-05-14T04:10:14.000Z
+61748026302,Completed,-0.15,2026-05-14T04:10:12.000Z
+61404151082,Completed,-0.01,2026-05-14T04:10:00.000Z
+61748026302,Completed,-0.075,2026-05-14T04:09:08.000Z
+61748026302,Completed,-0.225,2026-05-14T04:09:08.000Z
+61748026302,Completed,-0.15,2026-05-14T04:09:08.000Z
+61748026302,Completed,-0.075,2026-05-14T04:09:07.000Z
+61748026302,Completed,-0.075,2026-05-14T04:09:08.000Z
+61748026302,Completed,-0.075,2026-05-14T04:09:07.000Z
+61748026302,Completed,-0.075,2026-05-14T04:09:05.000Z
+61748026302,Completed,-0.075,2026-05-14T04:09:08.000Z
+61748026302,Completed,-0.075,2026-05-14T04:09:06.000Z
+61748026302,Completed,-0.15,2026-05-14T04:09:05.000Z
+61748026302,Completed,-0.075,2026-05-14T04:09:07.000Z
+61748026302,Completed,-0.075,2026-05-14T04:09:07.000Z
+61748026302,Completed,-0.075,2026-05-14T04:09:06.000Z
+61748026302,Completed,-0.075,2026-05-14T04:09:05.000Z
+61748026302,Completed,-0.075,2026-05-14T04:09:05.000Z
+61748026302,Completed,-0.075,2026-05-14T04:09:06.000Z
+61748026302,Completed,-0.225,2026-05-14T04:09:05.000Z
+61748026302,Completed,-0.15,2026-05-14T04:09:05.000Z
+61748026302,Completed,-0.075,2026-05-14T04:09:06.000Z
+61748026302,Busy,,2026-05-14T04:09:06.000Z
+61748026302,Completed,-0.075,2026-05-14T04:08:06.000Z
+61748026302,Completed,-0.075,2026-05-14T04:08:07.000Z
+61748026302,Completed,-0.075,2026-05-14T04:08:05.000Z
+61748026302,Completed,-0.15,2026-05-14T04:08:05.000Z
+61748026302,Completed,-0.075,2026-05-14T04:08:07.000Z
+61748026302,Completed,0.0,2026-05-14T04:08:06.000Z
+61748026302,Completed,-0.15,2026-05-14T04:08:04.000Z
+61748026302,Completed,-0.15,2026-05-14T04:08:06.000Z
+61748026302,Completed,-0.075,2026-05-14T04:08:06.000Z
+61748026302,Completed,-0.15,2026-05-14T04:08:05.000Z
+61748026302,Completed,-0.15,2026-05-14T04:08:05.000Z
+61748026302,Completed,-0.075,2026-05-14T04:08:04.000Z
+61748026302,Completed,-0.075,2026-05-14T04:08:05.000Z
+61748026302,Completed,-0.075,2026-05-14T04:08:04.000Z
+61748026302,Completed,-0.075,2026-05-14T04:08:04.000Z
+61748026302,Completed,-0.075,2026-05-14T04:07:09.000Z
+61748026302,Completed,-0.075,2026-05-14T04:07:10.000Z
+61748026302,Completed,-0.15,2026-05-14T04:07:10.000Z
+61748026302,Completed,-0.15,2026-05-14T04:07:09.000Z
+61748026302,Completed,-0.075,2026-05-14T04:07:09.000Z
+61748026302,Completed,-0.075,2026-05-14T04:07:08.000Z
+61748026302,Completed,-0.075,2026-05-14T04:07:08.000Z
+61748026302,Completed,-0.15,2026-05-14T04:07:10.000Z
+61748026302,Completed,-0.15,2026-05-14T04:07:09.000Z
+61748026302,Completed,-0.075,2026-05-14T04:07:07.000Z
+61748026302,Completed,-0.075,2026-05-14T04:07:08.000Z
+61748026302,Completed,-0.15,2026-05-14T04:07:09.000Z
+61748026302,Completed,-0.15,2026-05-14T04:07:06.000Z
+61748026302,Completed,-0.075,2026-05-14T04:07:06.000Z
+61748026302,Completed,-0.075,2026-05-14T04:07:08.000Z
+61748026302,Completed,-0.075,2026-05-14T04:07:07.000Z
+61748026302,Completed,-0.075,2026-05-14T04:07:07.000Z
+61748026302,Completed,-0.075,2026-05-14T04:07:07.000Z
+61748026302,Completed,-0.075,2026-05-14T04:07:06.000Z
+61748026302,Busy,,2026-05-14T04:07:08.000Z
+61748026302,Completed,-0.075,2026-05-14T04:07:07.000Z
+61748026302,Completed,-0.075,2026-05-14T04:07:06.000Z
+61748026302,Completed,-0.075,2026-05-14T04:06:06.000Z
+61748026302,Completed,-0.075,2026-05-14T04:06:05.000Z
+61748026302,Completed,-0.075,2026-05-14T04:06:07.000Z
+61748026302,Completed,-0.075,2026-05-14T04:06:06.000Z
+61748026302,Completed,-0.075,2026-05-14T04:06:05.000Z
+61748026302,Completed,-0.15,2026-05-14T04:06:04.000Z
+61748026302,Completed,-0.225,2026-05-14T04:06:05.000Z
+61748026302,Completed,-0.15,2026-05-14T04:06:06.000Z
+61748026302,Completed,-0.0252,2026-05-14T04:06:06.000Z
+61748026302,Completed,-0.075,2026-05-14T04:06:04.000Z
+61748026302,Completed,-0.075,2026-05-14T04:06:04.000Z
+61748026302,Completed,-0.075,2026-05-14T04:06:04.000Z
+61748026302,Completed,-0.075,2026-05-14T04:06:04.000Z
+61433407544,Completed,-0.01,2026-05-14T04:06:09.000Z
+61748026302,Completed,-0.075,2026-05-14T04:05:13.000Z
+61748026302,Completed,-0.15,2026-05-14T04:05:14.000Z
+61748026302,Completed,-0.15,2026-05-14T04:05:12.000Z
+61748026302,Completed,-0.075,2026-05-14T04:05:13.000Z
+61748026302,Completed,-0.15,2026-05-14T04:05:11.000Z
+61748026302,Completed,-0.075,2026-05-14T04:05:14.000Z
+61748026302,Completed,-0.075,2026-05-14T04:05:15.000Z
+61748026302,Completed,-0.15,2026-05-14T04:05:14.000Z
+61748026302,Completed,-0.075,2026-05-14T04:05:14.000Z
+61748026302,Completed,-0.15,2026-05-14T04:05:12.000Z
+61748026302,Completed,-0.075,2026-05-14T04:05:13.000Z
+61748026302,Completed,-0.075,2026-05-14T04:05:12.000Z
+61748026302,Completed,-0.15,2026-05-14T04:05:11.000Z
+61748026302,Completed,-0.075,2026-05-14T04:05:12.000Z
+61748026302,Completed,-0.075,2026-05-14T04:05:13.000Z
+61748026302,Completed,-0.15,2026-05-14T04:05:11.000Z
+61748026302,Completed,-0.075,2026-05-14T04:05:10.000Z
+61748026302,Completed,-0.075,2026-05-14T04:05:14.000Z
+61748026302,Completed,-0.075,2026-05-14T04:05:12.000Z
+61499700732,Completed,-0.01,2026-05-14T04:05:24.000Z
+61748026302,Completed,-0.0252,2026-05-14T04:05:11.000Z
+61748026302,Failed,0.0,2026-05-14T04:05:13.000Z
+61748026302,Completed,-0.15,2026-05-14T04:05:10.000Z
+61748026302,Completed,-0.15,2026-05-14T04:05:11.000Z
+61748026302,Completed,-0.075,2026-05-14T04:04:08.000Z
+61748026302,Completed,-0.075,2026-05-14T04:04:07.000Z
+61748026302,Completed,-0.15,2026-05-14T04:04:07.000Z
+61748026302,Completed,-0.075,2026-05-14T04:04:06.000Z
+61748026302,Completed,-0.075,2026-05-14T04:04:07.000Z
+61402368070,Completed,-0.01,2026-05-14T04:04:30.000Z
+61748026302,Completed,-0.075,2026-05-14T04:04:05.000Z
+61748026302,Completed,-0.075,2026-05-14T04:04:05.000Z
+61748026302,Completed,-0.075,2026-05-14T04:04:07.000Z
+61748026302,Completed,-0.15,2026-05-14T04:04:06.000Z
+61748026302,Completed,-0.075,2026-05-14T04:04:04.000Z
+61748026302,Completed,-0.075,2026-05-14T04:04:04.000Z
+61748026302,Completed,-0.075,2026-05-14T04:04:04.000Z
+61748026302,Completed,-0.075,2026-05-14T04:04:06.000Z
+61748026302,Completed,-0.075,2026-05-14T04:04:05.000Z
+61748026302,No Answer,,2026-05-14T04:04:06.000Z
+61748026302,Completed,-0.075,2026-05-14T04:04:04.000Z
+61748026302,Completed,-0.0252,2026-05-14T04:04:04.000Z
+61408678488,Completed,-0.01,2026-05-14T04:04:01.000Z
+61748026302,Completed,-0.15,2026-05-14T04:03:11.000Z
+61748026302,Completed,-0.075,2026-05-14T04:03:11.000Z
+61748026302,Completed,-0.075,2026-05-14T04:03:09.000Z
+61748026302,Completed,-0.15,2026-05-14T04:03:10.000Z
+61748026302,Completed,-0.075,2026-05-14T04:03:11.000Z
+61748026302,Completed,-0.15,2026-05-14T04:03:08.000Z
+61748026302,Completed,-0.075,2026-05-14T04:03:11.000Z
+61748026302,Completed,-0.075,2026-05-14T04:03:10.000Z
+61748026302,Completed,-0.15,2026-05-14T04:03:09.000Z
+61748026302,Completed,-0.075,2026-05-14T04:03:09.000Z
+61748026302,Completed,-0.0252,2026-05-14T04:03:11.000Z
+61400330969,Completed,-0.01,2026-05-14T04:03:25.000Z
+61748026302,Completed,-0.15,2026-05-14T04:03:10.000Z
+61748026302,Completed,-0.075,2026-05-14T04:03:09.000Z
+61748026302,Completed,-0.075,2026-05-14T04:03:08.000Z
+61748026302,Completed,-0.075,2026-05-14T04:03:07.000Z
+61748026302,Completed,-0.075,2026-05-14T04:03:08.000Z
+61748026302,Completed,-0.075,2026-05-14T04:03:09.000Z
+61400330969,Completed,-0.01,2026-05-14T04:03:16.000Z
+61748026302,Completed,-0.075,2026-05-14T04:03:08.000Z
+61748026302,Completed,-0.0252,2026-05-14T04:03:10.000Z
+61748026302,Completed,-0.075,2026-05-14T04:03:07.000Z
+61748026302,Busy,,2026-05-14T04:03:10.000Z
+61748026302,Completed,-0.075,2026-05-14T04:03:08.000Z
+61748026302,Completed,-0.075,2026-05-14T04:02:06.000Z
+61748026302,Completed,-0.075,2026-05-14T04:02:06.000Z
+61748026302,Completed,-0.075,2026-05-14T04:02:05.000Z
+61748026302,Completed,-0.15,2026-05-14T04:02:06.000Z
+61748026302,Completed,-0.075,2026-05-14T04:02:07.000Z
+61748026302,Completed,-0.15,2026-05-14T04:02:05.000Z
+61748026302,Completed,-0.15,2026-05-14T04:02:05.000Z
+61748026302,Completed,-0.075,2026-05-14T04:02:05.000Z
+61748026302,Completed,-0.075,2026-05-14T04:02:07.000Z
+61748026302,Completed,-0.15,2026-05-14T04:02:04.000Z
+61748026302,Completed,-0.075,2026-05-14T04:02:04.000Z
+61748026302,Completed,-0.075,2026-05-14T04:02:05.000Z
+61748026302,Completed,-0.075,2026-05-14T04:02:06.000Z
+61748026302,Completed,-0.0252,2026-05-14T04:02:04.000Z
+61748026302,Completed,-0.075,2026-05-14T04:02:04.000Z
+61748026302,Completed,-0.075,2026-05-14T04:02:04.000Z
+61748026302,Failed,0.0,2026-05-14T04:02:07.000Z
+61748026302,Completed,-0.0252,2026-05-14T04:02:04.000Z
+61748026302,Completed,-0.075,2026-05-14T04:01:05.000Z
+61405975975,Completed,-0.01,2026-05-14T04:01:38.000Z
+61748026302,Completed,-0.075,2026-05-14T04:00:38.000Z
+61748026302,Completed,-0.15,2026-05-14T04:01:04.000Z
+61748026302,Completed,-0.075,2026-05-14T04:01:05.000Z
+61748026302,Completed,-0.0252,2026-05-14T04:01:05.000Z
+61748026302,Completed,-0.15,2026-05-14T04:00:36.000Z
+61748026302,Completed,-0.075,2026-05-14T04:01:04.000Z
+61748026302,Completed,-0.075,2026-05-14T04:00:37.000Z
+61748026302,Completed,-0.075,2026-05-14T04:01:05.000Z
+61748026302,Completed,-0.15,2026-05-14T04:00:38.000Z
+61748026302,Completed,-0.075,2026-05-14T04:01:04.000Z
+61748026302,Completed,-0.075,2026-05-14T04:01:04.000Z
+61748026302,Completed,-0.075,2026-05-14T04:00:37.000Z
+61748026302,Completed,-0.075,2026-05-14T04:00:37.000Z
+61748026302,Completed,-0.075,2026-05-14T04:01:04.000Z
+61748026302,Completed,-0.15,2026-05-14T04:00:37.000Z
+61748026302,Completed,-0.15,2026-05-14T04:00:36.000Z
+61748026302,Completed,-0.075,2026-05-14T04:00:38.000Z
+61748026302,Completed,-0.15,2026-05-14T04:00:35.000Z
+61748026302,Completed,-0.075,2026-05-14T04:00:37.000Z
+61748026302,Completed,-0.15,2026-05-14T04:00:35.000Z
+61748026302,Completed,-0.075,2026-05-14T04:00:36.000Z
+61748026302,Completed,-0.0252,2026-05-14T04:00:35.000Z
+61748026302,Completed,-0.075,2026-05-14T04:00:36.000Z
+61748026302,Completed,-0.075,2026-05-14T04:00:34.000Z
+61748026302,Completed,-0.075,2026-05-14T04:00:34.000Z
+61748026302,Completed,-0.075,2026-05-14T04:00:35.000Z
+61748026302,Completed,-0.075,2026-05-14T04:00:36.000Z
+61748026302,Completed,-0.075,2026-05-14T04:00:38.000Z
+61748026302,Completed,-0.075,2026-05-14T04:00:34.000Z
+61748026302,Completed,-0.075,2026-05-14T04:00:34.000Z
+61748026302,Failed,0.0,2026-05-14T04:00:36.000Z
+61748026302,Completed,-0.075,2026-05-14T04:00:34.000Z
+61748026302,Completed,-0.075,2026-05-14T03:59:14.000Z
+61748026302,Completed,-0.075,2026-05-14T03:59:12.000Z
+61748026302,Completed,-0.075,2026-05-14T03:59:12.000Z
+61748026302,Completed,-0.075,2026-05-14T03:59:12.000Z
+61748026302,Completed,-0.075,2026-05-14T03:59:14.000Z
+61748026302,Completed,-0.075,2026-05-14T03:59:13.000Z
+61748026302,Completed,-0.15,2026-05-14T03:59:13.000Z
+61748026302,Completed,-0.15,2026-05-14T03:59:11.000Z
+61748026302,Completed,-0.075,2026-05-14T03:59:11.000Z
+61748026302,Completed,-0.15,2026-05-14T03:59:11.000Z
+61748026302,Completed,-0.075,2026-05-14T03:59:13.000Z
+61748026302,Completed,-0.075,2026-05-14T03:59:12.000Z
+61748026302,Completed,-0.075,2026-05-14T03:59:10.000Z
+61748026302,Completed,-0.075,2026-05-14T03:59:10.000Z
+61748026302,Completed,-0.075,2026-05-14T03:59:14.000Z
+61748026302,Completed,-0.15,2026-05-14T03:59:14.000Z
+61748026302,Completed,-0.075,2026-05-14T03:59:13.000Z
+61748026302,Completed,-0.075,2026-05-14T03:59:12.000Z
+61748026302,Completed,-0.075,2026-05-14T03:59:11.000Z
+61748026302,Completed,-0.075,2026-05-14T03:59:10.000Z
+61748026302,Completed,-0.15,2026-05-14T03:59:10.000Z
+61748026302,Completed,-0.075,2026-05-14T03:59:10.000Z
+61748026302,Completed,-0.075,2026-05-14T03:58:13.000Z
+61748026302,Completed,-0.15,2026-05-14T03:58:12.000Z
+61748026302,Completed,-0.0252,2026-05-14T03:58:13.000Z
+61748026302,Completed,-0.075,2026-05-14T03:58:13.000Z
+61748026302,Completed,-0.075,2026-05-14T03:58:13.000Z
+61748026302,Completed,-0.075,2026-05-14T03:58:12.000Z
+61748026302,Completed,-0.075,2026-05-14T03:58:13.000Z
+61748026302,Completed,-0.15,2026-05-14T03:58:10.000Z
+61748026302,Completed,-0.075,2026-05-14T03:58:11.000Z
+61748026302,Completed,-0.075,2026-05-14T03:58:10.000Z
+61748026302,Completed,-0.075,2026-05-14T03:58:10.000Z
+61748026302,Completed,-0.075,2026-05-14T03:58:10.000Z
+61748026302,Completed,-0.075,2026-05-14T03:58:12.000Z
+61748026302,Completed,-0.075,2026-05-14T03:58:10.000Z
+61748026302,Completed,-0.075,2026-05-14T03:58:11.000Z
+61748026302,Completed,-0.075,2026-05-14T03:58:11.000Z
+61748026302,Completed,-0.0252,2026-05-14T03:58:10.000Z
+61748026302,Failed,0.0,2026-05-14T03:58:12.000Z
+61748026302,Failed,0.0,2026-05-14T03:58:11.000Z
+61412301439,Completed,-0.01,2026-05-14T03:58:05.000Z
+61748026302,Completed,-0.075,2026-05-14T03:57:12.000Z
+61748026302,Completed,-0.075,2026-05-14T03:57:11.000Z
+61748026302,Completed,-0.15,2026-05-14T03:57:12.000Z
+61748026302,Completed,-0.075,2026-05-14T03:57:11.000Z
+61748026302,Completed,-0.15,2026-05-14T03:57:11.000Z
+61748026302,Completed,-0.075,2026-05-14T03:57:11.000Z
+61748026302,Completed,-0.15,2026-05-14T03:57:09.000Z
+61748026302,Completed,-0.15,2026-05-14T03:57:10.000Z
+61748026302,Completed,-0.075,2026-05-14T03:57:10.000Z
+61748026302,Completed,-0.15,2026-05-14T03:57:09.000Z
+61748026302,Completed,-0.075,2026-05-14T03:57:10.000Z
+61748026302,Completed,-0.075,2026-05-14T03:57:09.000Z
+61748026302,Completed,-0.075,2026-05-14T03:57:10.000Z
+61748026302,Completed,-0.075,2026-05-14T03:56:19.000Z
+61748026302,Completed,-0.075,2026-05-14T03:57:11.000Z
+61748026302,Completed,-0.075,2026-05-14T03:57:12.000Z
+61434053164,Completed,-0.01,2026-05-14T03:57:16.000Z
+61748026302,Completed,-0.15,2026-05-14T03:56:20.000Z
+61748026302,No Answer,,2026-05-14T03:57:09.000Z
+61748026302,Failed,0.0,2026-05-14T03:57:09.000Z
+61748026302,Completed,-0.075,2026-05-14T03:56:20.000Z
+61748026302,Completed,-0.075,2026-05-14T03:56:20.000Z
+61748026302,Completed,-0.075,2026-05-14T03:56:19.000Z
+61748026302,Completed,-0.075,2026-05-14T03:56:19.000Z
+61748026302,Completed,-0.075,2026-05-14T03:56:18.000Z
+61748026302,Completed,-0.075,2026-05-14T03:56:18.000Z
+61748026302,Completed,-0.075,2026-05-14T03:56:20.000Z
+61748026302,Completed,-0.075,2026-05-14T03:56:21.000Z
+61748026302,Completed,-0.075,2026-05-14T03:56:21.000Z
+61748026302,Completed,-0.075,2026-05-14T03:56:18.000Z
+61748026302,Completed,-0.075,2026-05-14T03:56:21.000Z
+61748026302,Completed,-0.075,2026-05-14T03:56:17.000Z
+61748026302,Completed,-0.075,2026-05-14T03:56:19.000Z
+61748026302,Completed,-0.075,2026-05-14T03:56:20.000Z
+61748026302,Completed,-0.075,2026-05-14T03:56:19.000Z
+61748026302,Completed,-0.0252,2026-05-14T03:56:18.000Z
+61748026302,Completed,-0.075,2026-05-14T03:56:17.000Z
+61748026302,Completed,-0.075,2026-05-14T03:56:17.000Z
+61748026302,Completed,-0.075,2026-05-14T03:56:17.000Z
+61748026302,Completed,-0.15,2026-05-14T03:56:17.000Z
+61748026302,No Answer,,2026-05-14T03:56:18.000Z
+61410891394,Completed,-0.01,2026-05-14T03:55:47.000Z
+61748026302,Completed,-0.15,2026-05-14T03:55:09.000Z
+61748026302,Completed,-0.075,2026-05-14T03:55:11.000Z
+61748026302,Completed,-0.075,2026-05-14T03:55:09.000Z
+61748026302,Completed,-0.075,2026-05-14T03:55:11.000Z
+61748026302,Completed,-0.15,2026-05-14T03:55:11.000Z
+61748026302,Completed,-0.075,2026-05-14T03:55:11.000Z
+61748026302,Completed,-0.075,2026-05-14T03:55:11.000Z
+61748026302,Completed,-0.075,2026-05-14T03:55:11.000Z
+61748026302,Completed,-0.075,2026-05-14T03:55:09.000Z
+61748026302,Completed,-0.075,2026-05-14T03:55:10.000Z
+61410891394,Completed,-0.01,2026-05-14T03:55:12.000Z
+61748026302,Completed,-0.15,2026-05-14T03:55:09.000Z
+61748026302,Failed,0.0,2026-05-14T03:55:12.000Z
+61748026302,Completed,-0.15,2026-05-14T03:55:10.000Z
+61748026302,No Answer,,2026-05-14T03:55:10.000Z
+61748026302,Completed,-0.075,2026-05-14T03:54:10.000Z
+61748026302,Completed,-0.075,2026-05-14T03:54:11.000Z
+61748026302,Completed,-0.075,2026-05-14T03:54:10.000Z
+61748026302,Completed,-0.075,2026-05-14T03:54:08.000Z
+61748026302,Completed,-0.15,2026-05-14T03:54:09.000Z
+61748026302,Completed,-0.15,2026-05-14T03:54:10.000Z
+61748026302,Completed,-0.15,2026-05-14T03:54:09.000Z
+61748026302,Completed,-0.15,2026-05-14T03:54:08.000Z
+61748026302,Completed,-0.15,2026-05-14T03:54:09.000Z
+61748026302,Completed,-0.15,2026-05-14T03:54:09.000Z
+61748026302,Completed,-0.15,2026-05-14T03:54:11.000Z
+61748026302,Completed,-0.075,2026-05-14T03:54:11.000Z
+61748026302,Completed,-0.075,2026-05-14T03:54:10.000Z
+61748026302,Completed,-0.075,2026-05-14T03:54:08.000Z
+61748026302,Completed,-0.15,2026-05-14T03:54:11.000Z
+61748026302,Completed,-0.075,2026-05-14T03:54:11.000Z
+61748026302,Completed,-0.075,2026-05-14T03:54:09.000Z
+61748026302,Completed,-0.075,2026-05-14T03:54:08.000Z
+61748026302,Completed,-0.075,2026-05-14T03:54:07.000Z
+61748026302,No Answer,,2026-05-14T03:54:10.000Z
+61748026302,Failed,0.0,2026-05-14T03:54:08.000Z
+61748026302,Completed,-0.15,2026-05-14T03:53:10.000Z
+61748026302,Completed,-0.075,2026-05-14T03:53:10.000Z
+61748026302,Completed,-0.15,2026-05-14T03:53:08.000Z
+61748026302,Completed,-0.075,2026-05-14T03:53:08.000Z
+61748026302,Completed,-0.075,2026-05-14T03:53:09.000Z
+61748026302,Completed,-0.075,2026-05-14T03:53:07.000Z
+61748026302,Completed,-0.075,2026-05-14T03:53:09.000Z
+61748026302,Completed,-0.15,2026-05-14T03:53:07.000Z
+61748026302,Completed,-0.075,2026-05-14T03:53:10.000Z
+61748026302,Completed,-0.075,2026-05-14T03:53:07.000Z
+61748026302,Completed,-0.075,2026-05-14T03:53:06.000Z
+61748026302,Completed,-0.075,2026-05-14T03:53:07.000Z
+61748026302,Completed,-0.075,2026-05-14T03:53:06.000Z
+61748026302,Completed,-0.075,2026-05-14T03:53:06.000Z
+61748026302,Completed,-0.075,2026-05-14T03:53:06.000Z
+61748026302,Completed,-0.075,2026-05-14T03:53:06.000Z
+61748026302,Completed,-0.15,2026-05-14T03:53:09.000Z
+61748026302,Completed,-0.075,2026-05-14T03:53:08.000Z
+61748026302,Completed,-0.075,2026-05-14T03:53:06.000Z
+61748026302,Completed,-0.075,2026-05-14T03:53:06.000Z
+61748026302,Failed,0.0,2026-05-14T03:53:08.000Z
+61748026302,Busy,,2026-05-14T03:53:06.000Z
+61748026302,Completed,-0.075,2026-05-14T03:52:12.000Z
+61748026302,Completed,-0.075,2026-05-14T03:52:12.000Z
+61748026302,Completed,-0.075,2026-05-14T03:52:11.000Z
+61748026302,Completed,-0.15,2026-05-14T03:52:12.000Z
+61748026302,Completed,-0.075,2026-05-14T03:52:10.000Z
+61748026302,Completed,-0.075,2026-05-14T03:52:11.000Z
+61748026302,Completed,-0.075,2026-05-14T03:52:10.000Z
+61748026302,Completed,-0.075,2026-05-14T03:52:09.000Z
+61748026302,Completed,-0.15,2026-05-14T03:52:10.000Z
+61748026302,Completed,-0.075,2026-05-14T03:52:10.000Z
+61748026302,Completed,-0.15,2026-05-14T03:52:09.000Z
+61748026302,Completed,-0.075,2026-05-14T03:52:11.000Z
+61748026302,Completed,-0.075,2026-05-14T03:52:09.000Z
+61748026302,Completed,-0.075,2026-05-14T03:52:11.000Z
+61748026302,Completed,-0.075,2026-05-14T03:52:09.000Z
+61748026302,Completed,-0.225,2026-05-14T03:52:10.000Z
+61748026302,Completed,-0.075,2026-05-14T03:52:09.000Z
+61748026302,Completed,-0.15,2026-05-14T03:51:09.000Z
+61748026302,Completed,-0.075,2026-05-14T03:50:47.000Z
+61748026302,Completed,-0.075,2026-05-14T03:51:08.000Z
+61748026302,Completed,-0.15,2026-05-14T03:50:46.000Z
+61748026302,Completed,-0.15,2026-05-14T03:50:48.000Z
+61748026302,Completed,-0.075,2026-05-14T03:50:47.000Z
+61748026302,Completed,-0.075,2026-05-14T03:50:47.000Z
+61748026302,Completed,-0.075,2026-05-14T03:51:08.000Z
+61748026302,Completed,-0.075,2026-05-14T03:50:47.000Z
+61748026302,Completed,-0.15,2026-05-14T03:50:44.000Z
+61748026302,Completed,-0.15,2026-05-14T03:50:44.000Z
+61748026302,Completed,-0.075,2026-05-14T03:51:08.000Z
+61748026302,Completed,-0.075,2026-05-14T03:50:46.000Z
+61748026302,Completed,-0.15,2026-05-14T03:50:48.000Z
+61748026302,Completed,-0.075,2026-05-14T03:50:45.000Z
+61748026302,Completed,-0.075,2026-05-14T03:50:46.000Z
+61748026302,Completed,-0.15,2026-05-14T03:50:44.000Z
+61748026302,Completed,-0.15,2026-05-14T03:50:45.000Z
+61748026302,Completed,-0.075,2026-05-14T03:50:46.000Z
+61748026302,Completed,-0.075,2026-05-14T03:50:45.000Z
+61748026302,Completed,-0.15,2026-05-14T03:50:44.000Z
+61748026302,Completed,-0.075,2026-05-14T03:50:44.000Z
+61748026302,Completed,-0.075,2026-05-14T03:50:48.000Z
+61748026302,Completed,-0.075,2026-05-14T03:50:44.000Z
+61748026302,Completed,-0.15,2026-05-14T03:50:44.000Z
+61748026302,Completed,-0.075,2026-05-14T03:50:47.000Z
+61748026302,Completed,-0.0252,2026-05-14T03:50:45.000Z
+61748026302,Completed,-0.075,2026-05-14T03:50:45.000Z
+61748026302,Completed,-0.075,2026-05-14T03:50:44.000Z
+61748026302,Failed,0.0,2026-05-14T03:50:46.000Z
+61748026302,Completed,-0.075,2026-05-14T03:50:44.000Z
+61878133502,Completed,-0.0252,2026-05-14T03:35:18.000Z
+61417181616,Completed,-0.03,2026-05-14T03:32:54.000Z
+61409110742,Completed,-0.01,2026-05-14T02:39:15.000Z
+61875628058,Completed,-0.0504,2026-05-14T01:26:16.000Z
+61423676073,Completed,-0.01,2026-05-14T01:05:39.000Z
+61876660507,Completed,-0.0756,2026-05-14T00:46:33.000Z
+61403331127,Completed,-0.04,2026-05-14T00:45:02.000Z
+61876660507,Completed,,2026-05-14T00:39:40.000Z
+61403331127,Completed,,2026-05-14T00:38:25.000Z
+61876660507,Completed,,2026-05-14T00:36:52.000Z
+61403331127,Completed,,2026-05-14T00:35:15.000Z
+61403331127,Completed,,2026-05-14T00:24:37.000Z
+61876660507,Completed,,2026-05-14T00:23:11.000Z
+61412433083,Completed,,2026-05-14T00:21:56.000Z
+61419966430,Completed,,2026-05-13T23:17:30.000Z
+14069646060,No Answer,,2026-05-13T11:22:50.000Z
+61403967976,Completed,,2026-05-13T11:21:58.000Z
+61432114099,Completed,,2026-05-13T10:29:09.000Z
+61432114099,Busy,,2026-05-13T10:17:53.000Z
+61432114099,Busy,,2026-05-13T10:17:18.000Z
+61431789938,Completed,,2026-05-13T08:53:02.000Z
+61432114099,Completed,,2026-05-13T08:37:32.000Z
+61432114099,Completed,,2026-05-13T08:20:32.000Z
+61878133502,Completed,,2026-05-13T07:38:32.000Z
+61438591169,Completed,,2026-05-13T07:35:27.000Z
+61424274018,Completed,,2026-05-13T07:23:54.000Z
+61876660507,Completed,,2026-05-13T06:32:48.000Z
+61430931346,Completed,,2026-05-13T06:31:37.000Z
+61432114099,Completed,,2026-05-13T06:24:51.000Z
+61876660507,Completed,,2026-05-13T06:21:00.000Z
+61447444595,Completed,,2026-05-13T06:18:58.000Z
+61876660507,Completed,-0.0756,2026-05-13T05:59:59.000Z
+61413423432,Completed,-0.04,2026-05-13T05:58:50.000Z
+61876660507,Completed,-0.0504,2026-05-13T05:05:47.000Z
+61400239352,Completed,-0.04,2026-05-13T05:03:53.000Z
+61432114099,Completed,-0.01,2026-05-13T04:30:58.000Z
+61876660507,Completed,-0.0756,2026-05-13T04:14:30.000Z
+61415355500,Completed,-0.08,2026-05-13T04:09:41.000Z
+61876660507,Completed,-0.0756,2026-05-13T03:05:54.000Z
+61401557348,Completed,-0.06,2026-05-13T03:02:08.000Z
+61428136366,Completed,-0.01,2026-05-13T02:49:43.000Z
+61428136366,Completed,-0.01,2026-05-13T02:49:29.000Z
+61428136366,Completed,-0.01,2026-05-13T02:49:18.000Z
+61876660507,Completed,-0.0504,2026-05-13T02:46:51.000Z
+61422962290,Completed,-0.05,2026-05-13T02:44:03.000Z
+61420807083,Completed,-0.02,2026-05-13T02:38:50.000Z
+61876660507,Completed,-0.2016,2026-05-13T02:21:12.000Z
+61408409406,Completed,-0.09,2026-05-13T02:20:01.000Z
+61876660507,Completed,-0.1008,2026-05-13T00:47:43.000Z
+61428674486,Completed,-0.06,2026-05-13T00:45:28.000Z
+61876660507,Completed,-0.075,2026-05-13T00:44:13.000Z
+61409200702,Completed,-0.03,2026-05-13T00:42:44.000Z
+61737228990,Completed,-0.01,2026-05-12T09:19:27.000Z
+61876660507,Completed,-0.0504,2026-05-12T08:05:27.000Z
+61417940766,Completed,-0.04,2026-05-12T08:02:59.000Z
+61748026302,Completed,-0.225,2026-05-12T07:17:50.000Z
+61876660507,Completed,-0.0756,2026-05-12T06:52:42.000Z
anonymous,Completed,-0.05,2026-05-12T06:50:44.000Z
+61876660507,Completed,-0.075,2026-05-12T06:30:47.000Z
+61448121173,Completed,-0.02,2026-05-12T06:29:44.000Z
+61748026302,Completed,-0.15,2026-05-12T05:01:40.000Z
+61748026302,Completed,-0.225,2026-05-12T04:58:43.000Z
+61748026302,Completed,-0.225,2026-05-12T04:53:41.000Z
+61876660507,Completed,-0.1512,2026-05-12T03:18:40.000Z
+61432114099,Completed,-0.08,2026-05-12T03:17:01.000Z
+61876660507,Completed,-0.1764,2026-05-12T02:21:08.000Z
+61417940766,Completed,-0.09,2026-05-12T02:19:53.000Z
+61876660507,Completed,-0.126,2026-05-12T02:00:45.000Z
+61403825582,Completed,-0.07,2026-05-12T01:58:53.000Z
+61402857261,Completed,-0.03,2026-05-12T01:44:11.000Z
+61876660507,Completed,-0.1764,2026-05-12T01:41:24.000Z
+61408409406,Completed,-0.1,2026-05-12T01:38:10.000Z
+61401575274,Completed,-0.02,2026-05-12T01:25:46.000Z
+61426107199,Completed,-0.01,2026-05-12T01:07:04.000Z
+61417940766,Completed,-0.01,2026-05-12T01:06:31.000Z
+61876660507,Completed,-0.0504,2026-05-12T01:04:32.000Z
+61456684343,Completed,-0.04,2026-05-12T01:03:05.000Z
+61737228990,Completed,-0.01,2026-05-11T09:22:15.000Z
+61737228990,Completed,-0.01,2026-05-11T09:21:26.000Z
